category,STATION,Stationname,Date,DIVISION,LINE,LINENAME,DYear,DMonth,CMonth,Week.,CWeek,Track,Tracks Done,Total Bags,Footage,Start Col,End Col,Debris(Lbs),Homeless Debris,Sharps
Station Cleaning,111 STREET (GREENWOOD AVENUE) (LIB),111-Greenwood,2015-01-01,IND,K,Lib,2015,01,Jan,1,Thu,"K1,2",2,2,,,,,No,
Station Cleaning,104 STREET (OXFORD AVENUE) (LIB),104-Oxford,2015-01-01,IND,K,Lib,2015,01,Jan,1,Thu,"K1,2",2,3,,,,,No,
Station Cleaning,238 STREET (7BWY),238 Street,2015-01-01,IRT,BB,7Bwy,2015,01,Jan,1,Thu,"B1,2",2,4,,,,,No,
Station Cleaning,111 STREET (GREENWOOD AVENUE) (LIB),111-Greenwood,2015-01-01,IND,K,Lib,2015,01,Jan,1,Thu,"K1,2",2,7,,,,,No,
Station Cleaning,BEACH 105 STREET (RKWY),Beach 105 Street,2015-01-01,IND,F,Rkwy,2015,01,Jan,1,Thu,"F3,4",2,9,,,,,No,
Station Cleaning,MAIN STREET (FLU),Main Street,2015-01-01,IRT,C,Flu,2015,01,Jan,1,Thu,"C1,2&M",3,16,,,,,No,
Special Work,125 STREET (8AVE),125 Street,2015-01-02,IND,A,8Ave,2015,01,Jan,1,Fri,"A1,3",,4,60,129485,129515,0,No,
Station Cleaning,125 STREET (8AVE),125 Street,2015-01-02,IND,A,8Ave,2015,01,Jan,1,Fri,"A1,2,3,4",4,40,,,,,No,
Station Cleaning,2 AVENUE (6AVE),2 Avenue,2015-01-02,IND,B,6Ave,2015,01,Jan,1,Fri,"B1,2,5,6",4,84,,,,,No,
Station Cleaning,116 STREET (LWP),116 Street,2015-01-02,IRT,F,LWP,2015,01,Jan,1,Fri,F3,1,87,,,,,No,
Station Cleaning,LEXINGTON AVENUE (QNS),53 -Lexington,2015-01-02,IND,D,Qns,2015,01,Jan,1,Fri,"D3,4",2,99,,,,,No,
Station Cleaning,BEACH 90 STREET (HOLLAND) (RKWY),Beach 90 Street,2015-01-03,IND,F,Rkwy,2015,01,Jan,1,Sat,"F3,4",2,5,,,,,No,
Station Cleaning,BEACH 98 STREET (PLAYLAND) (RKWY),Beach 98 Street,2015-01-03,IND,F,Rkwy,2015,01,Jan,1,Sat,"F3,4",2,6,,,,,No,
Special Work,BOROUGH HALL (EPK),Borough Hall,2015-01-03,IRT,M,Epky,2015,01,Jan,1,Sat,MM2 & MM3,,13,400,11150,11350,0,No,
Station Cleaning,116 STREET (LWP),116 Street,2015-01-03,IRT,F,LWP,2015,01,Jan,1,Sat,F3,1,48,,,,,No,
Station Cleaning,96 STREET (7BWY),96 Street,2015-01-03,IRT,B,7Bwy,2015,01,Jan,1,Sat,B4,1,54,,,,,No,
Station Cleaning,BOROUGH HALL (EPK),Borough Hall,2015-01-03,IRT,M,Epky,2015,01,Jan,1,Sat,"E2,3",2,59,,,,,No,
Special Work,HOYT SCHERMERHORN STREETS (FUL),Hoyt Schermerhorn St,2015-01-03,IND,A,Ful,2015,01,Jan,1,Sat,E1 & A4,,65,100,76900,76840,0,No,
Special Work,HOYT SCHERMERHORN STREETS (FUL),Hoyt Schermerhorn St,2015-01-03,IND,A,Ful,2015,01,Jan,1,Sat,A3 & E2,,163,100,76900,76840,0,No,
Special Work,HOYT SCHERMERHORN STREETS (FUL),Hoyt Schermerhorn St,2015-01-03,IND,A,Ful,2015,01,Jan,1,Sat,A1& A3,,320,100,76890,76840,0,No,
Special Work,DELANCEY STREET (6AVE),Delancey Street,2015-01-06,IND,B,6Ave,2015,01,Jan,2,Tue,,,2,40,877500,,0,Yes,
Special Work,14 STREET (6AVE),14 Street,2015-01-06,IND,B,6Ave,2015,01,Jan,2,Tue,B2,,3,10,90050,90040,0,Yes,
Special Work,14 STREET (6AVE),14 Street,2015-01-06,IND,B,6Ave,2015,01,Jan,2,Tue,B1,,3,10,90000,90010,0,Yes,
Special Work,ATLANTIC AVENUE (EPKY),Atlantic Avenue,2015-01-06,IRT,E,Epky,2015,01,Jan,2,Tue,E4,,4,40,15980,16020,0,Yes,
Station Cleaning,BERGEN STREET (EPKY),Bergen Street,2015-01-06,IRT,E,Epky,2015,01,Jan,2,Tue,"E1,2",2,14,,,,,No,
Special Work,57 STREET (6AVE),57 St / 7th Ave,2015-01-06,IND,B,6Ave,2015,01,Jan,2,Tue,"B1,2",,27,100,109700,109800,0,Yes,
Station Cleaning,ATLANTIC AVENUE (EPKY),Atlantic Avenue,2015-01-06,IRT,E,Epky,2015,01,Jan,2,Tue,"E1,2,3,4",4,35,,,,,No,
Station Cleaning,14 STREET (6AVE),14 Street,2015-01-06,IND,B,6Ave,2015,01,Jan,2,Tue,"B1,2",2,35,,,,,No,
Station Cleaning,57 STREET (6AVE),57 St / 7th Ave,2015-01-06,IND,B,6Ave,2015,01,Jan,2,Tue,"B1,2",2,56,,,,,No,
Station Cleaning,EAST BROADWAY (6AVE),East Broadway,2015-01-06,IND,B,6Ave,2015,01,Jan,2,Tue,"B1,2",2,68,,,,,No,
Scraping,125 STREET (LEX),125 Street,2015-01-06,IRT,L,Lex,2015,01,Jan,2,Tue,L2,,82,380,23600,23220,300,No,
Scraping,LONGWOOD AVENUE (PEL),Longwood Avenue,2015-01-06,IRT,P,Pel,2015,01,Jan,2,Tue,TRK 3,,150,130,40510,40640,0,No,
Scraping,138 STREET 3 AVENUE (PEL),138 Street-3 Avenue,2015-01-06,IRT,P,Pel,2015,01,Jan,2,Tue,TRK M,,200,700,28700,28000,0,No,
Scraping,EAST 143 STREET (PEL),East 143 Street,2015-01-06,IRT,P,Pel,2015,01,Jan,2,Tue,P3,,220,350,34398,34798,0,No,
Special Work,68 STREET-HUNTER COLLEGE (LEX),68 Street-Hunter College,2015-01-07,IRT,L,Lex,2015,01,Jan,2,Wed,L1,,3,10,8585,8595,0,No,
Special Work,CHAMBERS STREET (JAM),Chambers St at Centre St.,2015-01-07,BMT,J,Jam,2015,01,Jan,2,Wed,"BETWEEN R1,2",,15,1250,22150,,0,Yes,
Station Cleaning,68 STREET-HUNTER COLLEGE (LEX),68 Street-Hunter College,2015-01-07,IRT,L,Lex,2015,01,Jan,2,Wed,"L1,2",2,63,,,,,No,
Station Cleaning,EAST 143 STREET (PEL),East 143 Street,2015-01-07,IRT,P,Pel,2015,01,Jan,2,Wed,P3,1,100,,,,,No,
Scraping,EAST 143 STREET (PEL),East 143 Street,2015-01-07,IRT,P,Pel,2015,01,Jan,2,Wed,P3,,100,200,34798,34998,0,No,
Scraping,138 STREET 3 AVENUE (PEL),138 Street-3 Avenue,2015-01-07,IRT,P,Pel,2015,01,Jan,2,Wed,PM,,150,202,28000,27798,0,No,
Station Cleaning,125 STREET (LEX),125 Street,2015-01-07,IRT,L,Lex,2015,01,Jan,2,Wed,L2,1,200,,,,,No,
Scraping,125 STREET (LEX),125 Street,2015-01-07,IRT,L,Lex,2015,01,Jan,2,Wed,L2,,200,380,23600,23220,0,No,
Scraping,EAST 149 STREET (PEL),East 149 Street,2015-01-07,IRT,P,Pel,2015,01,Jan,2,Wed,P3,,220,400,25950,26350,300,No,
Station Cleaning,BROOK AVENUE (PEL),Brook Avenue,2015-01-07,IRT,P,Pel,2015,01,Jan,2,Wed,P1,1,240,,,,,No,
Scraping,BROOK AVENUE (PEL),Brook Avenue,2015-01-07,IRT,P,Pel,2015,01,Jan,2,Wed,P2,,240,1000,30800,29800,0,No,
Station Cleaning,CYPRESS AVE (PEL),Cypress Ave,2015-01-07,IRT,P,Pel,2015,01,Jan,2,Wed,P3,1,250,,,,,No,
Scraping,CYPRESS AVE (PEL),Cypress Ave,2015-01-07,IRT,P,Pel,2015,01,Jan,2,Wed,P3,,250,640,32340,31700,0,No,
Scraping,138 STREET 3 AVENUE (PEL),138 Street-3 Avenue,2015-01-07,IRT,P,Pel,2015,01,Jan,2,Wed,P2,,300,450,27500,27950,300,No,
Scraping,LONGWOOD AVENUE (PEL),Longwood Avenue,2015-01-07,IRT,P,Pel,2015,01,Jan,2,Wed,P3,,375,250,39250,39000,0,No,
Special Work,NEVINS STREET (EPKY),Nevins Street,2015-01-08,IRT,E,Epky,2015,01,Jan,2,Thu,3&4,,25,150,14500,,0,No,
Station Cleaning,UTICA AVENUE (FUL),Utica Avenue,2015-01-08,IND,A,Ful,2015,01,Jan,2,Thu,"A1,2,3,4",4,43,,,,,No,
Station Cleaning,14 STREET (7BWY),14 Street,2015-01-08,IRT,V,7Bwy,2015,01,Jan,2,Thu,"V1,2,3,4",4,47,,,,,No,
Station Cleaning,8 AVENUE (CNRS),8 Avenue,2015-01-08,BMT,Q,Cnrs,2015,01,Jan,2,Thu,"Q1,2",2,55,,,,,No,
Station Cleaning,125 STREET (LEX),125 Street,2015-01-08,IRT,L,Lex,2015,01,Jan,2,Thu,L1,1,70,,,,,No,
Special Work,UTICA AVENUE (FUL),Utica Avenue,2015-01-08,IND,A,Ful,2015,01,Jan,2,Thu,"A2,4",,76,30,60475,60505,0,No,
Station Cleaning,BROADWAY JCT. EAST NEW YORK (FUL),Broadway Jct East NY,2015-01-08,IND,A,Ful,2015,01,Jan,2,Thu,"A1,2,3,4",4,78,,,,,No,
Station Cleaning,WEST 4 STREET/WASHINGTON SQ. (6AVE),West 4 Street/Washington Sq.,2015-01-08,IND,B,6Ave,2015,01,Jan,2,Thu,"B1,2,3,4",4,90,,,,,No,
Special Work,TREMONT AVENUE (CONC),Tremont Avenue,2015-01-08,IND,C,Conc,2015,01,Jan,2,Thu,3&4,,117,200,152850,,1600,No,
Station Cleaning,34 STREET/HERALD SQ (6AVE),34 Street/Herald Sq,2015-01-08,IND,B,6Ave,2015,01,Jan,2,Thu,"1,2,3,4",4,170,,,,,No,
Station Cleaning,14 STREET (8AVE),14 Street,2015-01-08,IND,A,8Ave,2015,01,Jan,2,Thu,"A1,3",2,,,,,,No,
Station Cleaning,ESSEX STREET (JAM),Essex Street,2015-01-09,BMT,J,Jam,2015,01,Jan,2,Fri,"A1,2,JM",2,55,,,,,No,
Scraping,125 STREET (LEX),125 Street,2015-01-09,IRT,L,Lex,2015,01,Jan,2,Fri,L2,,72,550,23500,22950,200,No,
Scraping,59 STREET (4AVE),59 Street,2015-01-09,BMT,F,4Ave,2015,01,Jan,2,Fri,"F2,4",,145,2200,51200,52300,900,No,
Scraping,EAST 143 STREET (PEL),East 143 Street,2015-01-09,IRT,P,Pel,2015,01,Jan,2,Fri,P2 P3,,150,1100,34450,35000,0,No,
Scraping,CYPRESS AVE (PEL),Cypress Ave,2015-01-09,IRT,P,Pel,2015,01,Jan,2,Fri,P2&3,,230,1150,32350,31775,0,No,
Scraping,BROOK AVENUE (PEL),Brook Avenue,2015-01-09,IRT,P,Pel,2015,01,Jan,2,Fri,"P2,3",,260,1720,30810,29950,0,No,
Scraping,LONGWOOD AVENUE (PEL),Longwood Avenue,2015-01-09,IRT,P,Pel,2015,01,Jan,2,Fri,P3,,375,320,39000,38680,500,No,
Scraping,138 STREET 3 AVENUE (PEL),138 Street-3 Avenue,2015-01-09,IRT,P,Pel,2015,01,Jan,2,Fri,P2 & M,,400,1400,27900,28600,0,No,
Station Cleaning,53 STREET (4AVE),53 Street,2015-01-10,BMT,F,4Ave,2015,01,Jan,2,Sat,"B1,2",2,12,,,,,No,
Station Cleaning,YORK STREET (6AVE),York Street,2015-01-10,IND,B,6Ave,2015,01,Jan,2,Sat,"B1,2",2,15,,,,,No,
Station Cleaning,JAY STREET (8AV),Jay Street,2015-01-10,IND,A,8Ave,2015,01,Jan,2,Sat,A4,1,30,,,,,No,
Station Cleaning,23 STREET (8AVE),23 Street,2015-01-10,IND,A,8Ave,2015,01,Jan,2,Sat,A2,1,62,,,,,No,
Station Cleaning,PARSONS/ARCHER (ARCH) U.L.,Parsons/Archer U.L.,2015-01-10,IND,DA,Arch,2015,01,Jan,2,Sat,"DA1,DA2",2,65,,,,,No,
Station Cleaning,14 STREET (8AVE),14 Street,2015-01-10,IND,A,8Ave,2015,01,Jan,2,Sat,"A2,4",2,66,,,,,No,
Station Cleaning,59 STREET (4AVE),59 Street,2015-01-10,BMT,F,4Ave,2015,01,Jan,2,Sat,"F1,2,3,4",4,82,,,,,No,
Station Cleaning,JACKSON HEIGHTS-ROOSEVELT AVE (QNS),Jackson Heights-Roosevelt Ave,2015-01-10,IND,D,Qns,2015,01,Jan,2,Sat,"D3,4",2,110,,,,,No,
Station Cleaning,42 STREET/GRAND CENTRAL (LEX),42 Street/Grand Central,2015-01-10,IRT,L,Lex,2015,01,Jan,2,Sat,"L1,2,3,4",4,150,,,,,No,
Station Cleaning,72 STREET (7BWY),72 Street,2015-01-10,IRT,B,7Bwy,2015,01,Jan,2,Sat,"B1,2,3,4",4,150,,,,,No,
Station Cleaning,59 STREET (LEX),59 Street,2015-01-11,IRT,L,Lex,2015,01,Jan,3,Sun,"L1,2,3,4",4,135,,,,,No,
Special Work,BROADWAY-LAFAYETTE STREET (6AVE),Broadway-Lafayette Street,2015-01-12,IND,B,6Ave,2015,01,Jan,3,Mon,"BTWN 2,4",,10,15,92920,92935,0,Yes,
Special Work,34 STREET (PENN STATION) (8AVE),34 Street,2015-01-12,IND,A,8Ave,2015,01,Jan,3,Mon,BTWN 3&4,,15,50,105900,105950,50,Yes,
Special Work,34 STREET PENN STATION (7BWY),34 Street Penn Station,2015-01-12,IRT,MM,7Bwy,2015,01,Jan,3,Mon,"BTWN 2,4",,50,30,2670,2640,0,Yes,
Special Work,34 STREET PENN STATION (7BWY),34 Street Penn Station,2015-01-12,IRT,MM,7Bwy,2015,01,Jan,3,Mon,"BTWN 2,4",,50,20,3350,3330,0,Yes,
Special Work,LEXINGTON AVENUE (AST),59 -Lexington,2015-01-12,BMT,G,Ast,2015,01,Jan,3,Mon,"BTWN G1,2",,50,20,3430,3450,0,Yes,
Station Cleaning,CHAUNCEY STREET (JAM),Chauncey Street,2015-01-13,BMT,J,Jam,2015,01,Jan,3,Tue,"J1,2",2,3,,,,,No,
Station Cleaning,HALSEY STREET (JAM),Halsey Street,2015-01-13,BMT,J,Jam,2015,01,Jan,3,Tue,"J1,2",2,3,,,,,No,
Station Cleaning,KNICKERBOCKER AVENUE (MRT),Knickerbocker Avenue,2015-01-13,BMT,M,Mrt,2015,01,Jan,3,Tue,"M1,2",2,3,,,,,No,
Station Cleaning,SENECA AVENUE (MRT),Seneca Avenue,2015-01-13,BMT,M,Mrt,2015,01,Jan,3,Tue,"M1,2",2,3,,,,,No,
Station Cleaning,VAN SICLEN AVENUE (FUL),Van Siclen Avenue,2015-01-13,IND,A,Ful,2015,01,Jan,3,Tue,"K1,2",2,3,,,,,No,
Station Cleaning,HEWES STREET (JAM),Hewes Street,2015-01-13,BMT,J,Jam,2015,01,Jan,3,Tue,"J1,2",2,4,,,,,No,
Station Cleaning,KOSCIUSZKO STREET (JAM),Kosciuszko Street,2015-01-13,BMT,J,Jam,2015,01,Jan,3,Tue,"J1,2",2,4,,,,,No,
Special Work,86 STREET (4AVE),86 Street,2015-01-13,BMT,F,4Ave,2015,01,Jan,3,Tue,"TRK 1,2",,10,60,59750,,0,Yes,
Station Cleaning,FRESH POND ROAD (M) (MRT),Fresh Pond Road,2015-01-13,BMT,M,Mrt,2015,01,Jan,3,Tue,"M1,2",2,14,,,,,No,
Station Cleaning,86 STREET (4AVE),86 Street,2015-01-13,BMT,F,4Ave,2015,01,Jan,3,Tue,F1,1,25,,,,,No,
Station Cleaning,PARK PLACE (CLARK),Park Place,2015-01-13,IRT,K,Clark,2015,01,Jan,3,Tue,"K2,3",2,35,,,,,No,
Station Cleaning,23 STREET (6AVE),23 Street,2015-01-13,IND,B,6Ave,2015,01,Jan,3,Tue,"B1,2",2,41,,,,,No,
Station Cleaning,145 STREET (LWP),145 Street,2015-01-13,IRT,F,LWP,2015,01,Jan,3,Tue,"TRK1,4",2,42,,,,,No,
Scraping,145 STREET (LWP),145 Street,2015-01-13,IRT,F,LWP,2015,01,Jan,3,Tue,1&4,,42,1180,15530,16120,0,No,
Scraping,BROOK AVENUE (PEL),Brook Avenue,2015-01-13,IRT,P,Pel,2015,01,Jan,3,Tue,PM,,60,800,31500,30700,0,No,
Scraping,145 STREET (LWP),145 Street,2015-01-13,IRT,F,LWP,2015,01,Jan,3,Tue,1&4,,70,400,16120,16320,0,No,
Scraping,EAST 143 STREET (PEL),East 143 Street,2015-01-13,IRT,P,Pel,2015,01,Jan,3,Tue,P2,,70,500,34498,34998,0,No,
Scraping,CYPRESS AVE (PEL),Cypress Ave,2015-01-13,IRT,P,Pel,2015,01,Jan,3,Tue,PM,,142,700,32400,31700,0,No,
Scraping,BROOK AVENUE (PEL),Brook Avenue,2015-01-13,IRT,P,Pel,2015,01,Jan,3,Tue,PM,,210,622,30740,30118,0,No,
Scraping,EAST 149 STREET (PEL),East 149 Street,2015-01-13,IRT,P,Pel,2015,01,Jan,3,Tue,P3,,240,360,26650,26290,0,No,
Scraping,LONGWOOD AVENUE (PEL),Longwood Avenue,2015-01-13,IRT,P,Pel,2015,01,Jan,3,Tue,P2,,275,190,39210,38950,0,No,
Scraping,138 STREET 3 AVENUE (PEL),138 Street-3 Avenue,2015-01-13,IRT,P,Pel,2015,01,Jan,3,Tue,P2,,350,452,28498,28950,0,No,
Scraping,EAST 143 STREET (PEL),East 143 Street,2015-01-14,IRT,P,Pel,2015,01,Jan,3,Wed,PM,,75,300,34600,34900,0,No,
Scraping,125 STREET (LEX),125 Street,2015-01-14,IRT,L,Lex,2015,01,Jan,3,Wed,P2,,82,1020,23600,24620,400,No,
Station Cleaning,BROADWAY-LAFAYETTE STREET (6AVE),Broadway-Lafayette Street,2015-01-14,IND,B,6Ave,2015,01,Jan,3,Wed,"B1,2,3,4",4,120,,,,,No,
Station Cleaning,149 STREET GRAND CONC UL (JER),149 street-Grand Conc UL,2015-01-14,IRT,J,Jer,2015,01,Jan,3,Wed,TRK 1&4,2,138,,,,,No,
Scraping,CYPRESS AVE (PEL),Cypress Ave,2015-01-14,IRT,P,Pel,2015,01,Jan,3,Wed,P2,,170,625,31700,131075,0,No,
Scraping,BROOK AVENUE (PEL),Brook Avenue,2015-01-14,IRT,P,Pel,2015,01,Jan,3,Wed,PM,,255,800,31500,30700,800,No,
Scraping,149 STREET (3 AVENUE) (LWP),149 Street-3rd Ave,2015-01-14,IRT,F,LWP,2015,01,Jan,3,Wed,P2,,320,425,36250,36675,0,No,
Scraping,LONGWOOD AVENUE (PEL),Longwood Avenue,2015-01-14,IRT,P,Pel,2015,01,Jan,3,Wed,P2,,400,250,38950,38700,0,No,
Scraping,138 STREET 3 AVENUE (PEL),138 Street-3 Avenue,2015-01-14,IRT,P,Pel,2015,01,Jan,3,Wed,P3,,600,500,28950,28450,500,No,
Station Cleaning,MAIN STREET (FLU),Main Street,2015-01-15,IRT,C,Flu,2015,01,Jan,3,Thu,"C1,2,M",3,9,,,,,No,
Scraping,GRAND AVENUE/NEWTOWN (QNS),Grand Avenue/Newtown,2015-01-15,IND,D,Qns,2015,01,Jan,3,Thu,D2,,13,49,146936,146985,0,No,
Scraping,GRAND AVENUE/NEWTOWN (QNS),Grand Avenue/Newtown,2015-01-15,IND,D,Qns,2015,01,Jan,3,Thu,D2,,13,39,147251,147290,0,No,
Scraping,GRAND AVENUE/NEWTOWN (QNS),Grand Avenue/Newtown,2015-01-15,IND,D,Qns,2015,01,Jan,3,Thu,D2,,13,72,145825,145897,0,No,
Station Cleaning,238 STREET (7BWY),238 Street,2015-01-15,IRT,BB,7Bwy,2015,01,Jan,3,Thu,,2,17,,,,,No,
Special Work,UNION STREET (4AVE),Union Street,2015-01-15,BMT,F,4Ave,2015,01,Jan,3,Thu,F1,,17,80,36650,36730,0,No,
Scraping,EAST 143 STREET (PEL),East 143 Street,2015-01-15,IRT,P,Pel,2015,01,Jan,3,Thu,P1,,30,300,34200,34500,0,No,
Station Cleaning,UNION STREET (4AVE),Union Street,2015-01-15,BMT,F,4Ave,2015,01,Jan,3,Thu,"F1,4",2,50,,,,,No,
Scraping,BROOK AVENUE (PEL),Brook Avenue,2015-01-15,IRT,P,Pel,2015,01,Jan,3,Thu,P2,,50,100,31500,31400,0,No,
Scraping,125 STREET (LEX),125 Street,2015-01-15,IRT,L,Lex,2015,01,Jan,3,Thu,P2,,87,1561,24620,26180,300,No,
Station Cleaning,CHAMBERS STREET -WTC (8AVE),Chambers St WTC,2015-01-15,IND,A,8Ave,2015,01,Jan,3,Thu,"A1,2",2,97,,,,,No,
Station Cleaning,SUTPHIN BLVD/ARCHER (ARCH) U.L.,Sutphin Blvd/Archer U.L.,2015-01-15,IND,DA,Arch,2015,01,Jan,3,Thu,"DA1,2",2,98,,,,,No,
Scraping,SUTPHIN BLVD/ARCHER (ARCH) U.L.,Sutphin Blvd/Archer U.L.,2015-01-15,IND,DA,Arch,2015,01,Jan,3,Thu,"DA1,2",,98,1500,170700,171450,0,No,
Scraping,EAST 143 STREET (PEL),East 143 Street,2015-01-15,IRT,P,Pel,2015,01,Jan,3,Thu,PM,,100,400,34300,34700,0,No,
Scraping,EAST 149 STREET (PEL),East 149 Street,2015-01-15,IRT,P,Pel,2015,01,Jan,3,Thu,PM,,170,160,35990,26150,0,No,
Scraping,EAST 149 STREET (PEL),East 149 Street,2015-01-15,IRT,P,Pel,2015,01,Jan,3,Thu,P2,,200,310,36300,35990,200,No,
Special Work,BROOK AVENUE (PEL),Brook Avenue,2015-01-15,IRT,P,Pel,2015,01,Jan,3,Thu,P2,,200,100,31238,,1000,No,
Scraping,BROOK AVENUE (PEL),Brook Avenue,2015-01-15,IRT,P,Pel,2015,01,Jan,3,Thu,PM,,210,800,31500,30700,0,No,
Scraping,CYPRESS AVE (PEL),Cypress Ave,2015-01-15,IRT,P,Pel,2015,01,Jan,3,Thu,P3,,225,510,31240,31750,0,No,
Scraping,138 STREET 3 AVENUE (PEL),138 Street-3 Avenue,2015-01-15,IRT,P,Pel,2015,01,Jan,3,Thu,P3,,500,200,28250,28450,200,No,
Scraping,LONGWOOD AVENUE (PEL),Longwood Avenue,2015-01-15,IRT,P,Pel,2015,01,Jan,3,Thu,PM,,500,190,38850,38660,500,No,
Special Work,UNION STREET (4AVE),Union Street,2015-01-16,BMT,F,4Ave,2015,01,Jan,3,Fri,F1,,5,25,36730,36755,0,No,
Station Cleaning,WHITEHALL STREET (BWY),Whitehall Street,2015-01-16,BMT,B,Bwy,2015,01,Jan,3,Fri,"B,1,2,3/4",3,28,,,,,No,
Station Cleaning,9 STREET (4AVE),9 Street,2015-01-16,BMT,F,4Ave,2015,01,Jan,3,Fri,"F1,2",2,29,,,,,No,
Scraping,125 STREET (LEX),125 Street,2015-01-16,IRT,L,Lex,2015,01,Jan,3,Fri,L2,,43,850,23000,23850,0,No,
Scraping,EAST 143 STREET (PEL),East 143 Street,2015-01-16,IRT,P,Pel,2015,01,Jan,3,Fri,"PM,2,3",,50,1500,34400,34900,0,No,
Station Cleaning,SUTPHIN BLVD/ARCHER (JAM) L.L.,Sutphin Blvd/Archer L.L.,2015-01-16,BMT,J,Jam,2015,01,Jan,3,Fri,"J1,2",2,78,,,,,No,
Scraping,BROOK AVENUE (PEL),Brook Avenue,2015-01-16,IRT,P,Pel,2015,01,Jan,3,Fri,"PM 2,3",,130,2400,31500,30700,0,No,
Scraping,BROOK AVENUE (PEL),Brook Avenue,2015-01-16,IRT,P,Pel,2015,01,Jan,3,Fri,P3,,130,500,30200,29700,0,No,
Scraping,CYPRESS AVE (PEL),Cypress Ave,2015-01-16,IRT,P,Pel,2015,01,Jan,3,Fri,PM,,180,2200,31150,33350,0,No,
Scraping,EAST 149 STREET (PEL),East 149 Street,2015-01-16,IRT,P,Pel,2015,01,Jan,3,Fri,PM,,380,300,36050,36300,200,No,
Scraping,LONGWOOD AVENUE (PEL),Longwood Avenue,2015-01-16,IRT,P,Pel,2015,01,Jan,3,Fri,PM,,500,305,38850,39155,0,No,
Scraping,138 STREET 3 AVENUE (PEL),138 Street-3 Avenue,2015-01-16,IRT,P,Pel,2015,01,Jan,3,Fri,P3,,650,300,28250,27950,800,No,
Station Cleaning,PARSONS/ARCHER (JAM) L.L.,Parsons/Archer L.L.,2015-01-17,BMT,J,Jam,2015,01,Jan,3,Sat,"J1,2",2,68,,,,,No,
Station Cleaning,KEW GARDENS -UNION TURNPIKE (QNS),Kew Gdns - Union Tpke,2015-01-17,IND,D,Qns,2015,01,Jan,3,Sat,"D1,2,3,4",4,70,,,,,No,
Station Cleaning,JAY STREET (8AV),Jay Street,2015-01-17,IND,A,8Ave,2015,01,Jan,3,Sat,"A3,4,B1,2",4,71,,,,,No,
Station Cleaning,28 STREET (BWY),28 Street,2015-01-17,BMT,A,Bwy,2015,01,Jan,3,Sat,"B1,2",2,78,,,,,No,
Station Cleaning,7 AVENUE (BKLYN) (6AVE),7 Avenue,2015-01-17,IND,B,6Ave,2015,01,Jan,3,Sat,"B1,2,3,4",4,103,,,,,No,
Station Cleaning,42 STREET/GRAND CENTRAL 7 (FLU),42 Street/Grand Central 7,2015-01-17,IRT,C,Flu,2015,01,Jan,3,Sat,"C1,2",2,140,,,,,No,
Station Cleaning,135 STREET (LWP),135 Street,2015-01-17,IRT,F,LWP,2015,01,Jan,3,Sat,"F2,3",2,150,,,,,No,
Station Cleaning,8 AVENUE (CNRS),8 Avenue,2015-01-17,BMT,Q,Cnrs,2015,01,Jan,3,Sat,"Q1,2",2,150,,,,,No,
Scraping,8 AVENUE (CNRS),8 Avenue,2015-01-17,BMT,Q,Cnrs,2015,01,Jan,3,Sat,"Q1,2",,200,750,0,750,0,No,
Scraping,PARSONS/ARCHER (ARCH) U.L.,Parsons/Archer U.L.,2015-01-17,IND,DA,Arch,2015,01,Jan,3,Sat,DA1,,350,3000,175400,172400,300,No,
Scraping,JAMAICA VAN WYCK (ARCH),Jamaica Van Wyck,2015-01-17,IND,DA,Arch,2015,01,Jan,3,Sat,DA1,,448,1450,166150,167600,0,No,
Scraping,8 AVENUE (CNRS),8 Avenue,2015-01-18,BMT,Q,Cnrs,2015,01,Jan,4,Sun,SPUR,,10,500,1000,1500,0,No,
Scraping,8 AVENUE (CNRS),8 Avenue,2015-01-18,BMT,Q,Cnrs,2015,01,Jan,4,Sun,Q1,,80,1550,550,2100,0,No,
Scraping,PARSONS/ARCHER (ARCH) U.L.,Parsons/Archer U.L.,2015-01-18,IND,DA,Arch,2015,01,Jan,4,Sun,D1A,,550,2200,172400,17020,500,No,
Scraping,JAMAICA VAN WYCK (ARCH),Jamaica Van Wyck,2015-01-18,IND,DA,Arch,2015,01,Jan,4,Sun,D1A,,670,2600,167000,170200,0,No,
Station Cleaning,6 AVENUE (CNRS),6 Avenue,2015-01-19,BMT,Q,Cnrs,2015,01,Jan,4,Mon,Q2,1,20,,,,,No,
Scraping,14 STREET/UNION SQ (CNRS),14 Street/Union Sq,2015-01-19,BMT,Q,Cnrs,2015,01,Jan,4,Mon,Q1,,20,450,4300,4750,500,No,
Station Cleaning,QUEENS PLAZA (QNS),Queens Plaza,2015-01-19,IND,D,Qns,2015,01,Jan,4,Mon,"D2,4",2,41,,,,,No,
Station Cleaning,JAMAICA VAN WYCK (ARCH),Jamaica Van Wyck,2015-01-19,IND,DA,Arch,2015,01,Jan,4,Mon,"D1A,D2A",2,50,,,,,No,
Scraping,JAMAICA VAN WYCK (ARCH),Jamaica Van Wyck,2015-01-19,IND,DA,Arch,2015,01,Jan,4,Mon,"D1A,D2A",,50,1400,168900,168200,0,No,
Scraping,6 AVENUE (CNRS),6 Avenue,2015-01-19,BMT,Q,Cnrs,2015,01,Jan,4,Mon,Q2,,55,1300,2350,3650,0,No,
Station Cleaning,SUTPHIN BLVD/ARCHER (ARCH) U.L.,Sutphin Blvd/Archer U.L.,2015-01-19,IND,DA,Arch,2015,01,Jan,4,Mon,D2A,1,60,,,,,No,
Scraping,SUTPHIN BLVD/ARCHER (ARCH) U.L.,Sutphin Blvd/Archer U.L.,2015-01-19,IND,DA,Arch,2015,01,Jan,4,Mon,D2A,,60,700,171400,172500,0,No,
Station Cleaning,PARSONS/ARCHER (ARCH) U.L.,Parsons/Archer U.L.,2015-01-19,IND,DA,Arch,2015,01,Jan,4,Mon,D2A,1,69,,,,,No,
Scraping,PARSONS/ARCHER (ARCH) U.L.,Parsons/Archer U.L.,2015-01-19,IND,DA,Arch,2015,01,Jan,4,Mon,D2A,,69,700,173200,172000,0,No,
Scraping,14 STREET/UNION SQ (CNRS),14 Street/Union Sq,2015-01-19,BMT,Q,Cnrs,2015,01,Jan,4,Mon,Q1,,95,1200,3650,2450,0,No,
Special Work,JAMAICA VAN WYCK (ARCH),Jamaica Van Wyck,2015-01-19,IND,DA,Arch,2015,01,Jan,4,Mon,D1A&D2A,,210,2600,169900,168200,1000,No,
Station Cleaning,PROSPECT AVENUE (4AVE),Prospect Avenue,2015-01-20,BMT,F,4Ave,2015,01,Jan,4,Tue,"F1,4",2,9,,,,,No,
Station Cleaning,149 STREET GRAND CONC UL (JER),149 street-Grand Conc UL,2015-01-20,IRT,J,Jer,2015,01,Jan,4,Tue,JM,1,20,,,,,No,
Station Cleaning,50 STREET (8AVE) LL,50 Street,2015-01-20,IND,A,8Ave,2015,01,Jan,4,Tue,"A1,22",2,36,,,,,No,
Station Cleaning,CHAMBERS STREET (JAM),Chambers St at Centre St.,2015-01-20,BMT,J,Jam,2015,01,Jan,4,Tue,"J1,2,3,4",4,36,,,,,No,
Station Cleaning,25 STREET (4AVE),25 Street,2015-01-20,BMT,F,4Ave,2015,01,Jan,4,Tue,"F1,4",2,50,,,,,No,
Station Cleaning,135 STREET (LWP),135 Street,2015-01-20,IRT,F,LWP,2015,01,Jan,4,Tue,F3,1,60,,,,,No,
Station Cleaning,149 STREET GRAND CONC LL (LWP),149 street-Grand Conc LL,2015-01-20,IRT,F,LWP,2015,01,Jan,4,Tue,2&3,2,79,,,,,No,
Station Cleaning,50 STREET (QNS) UL,50 Street,2015-01-20,IND,D,Qns,2015,01,Jan,4,Tue,"D3,4",2,81,,,,,No,
Station Cleaning,125 STREET (LWP),125 Street,2015-01-20,IRT,F,LWP,2015,01,Jan,4,Tue,F3,1,115,,,,,No,
Station Cleaning,14 STREET/UNION SQ  (BWY),14 Street/Union Sq,2015-01-20,BMT,A,Bwy,2015,01,Jan,4,Tue,"A1,2,3,4",4,122,,,,,No,
Station Cleaning,WOODHAVEN BLVD. (QUEENS MALL) (QNS),Woodhaven Blvd.,2015-01-20,IND,D,Qns,2015,01,Jan,4,Tue,"D1,2",2,133,,,,,No,
Special Work,86 STREET (4AVE),86 Street,2015-01-21,BMT,F,4Ave,2015,01,Jan,4,Wed,"F1,2",,2,50,59750,59800,0,Yes,
Station Cleaning,ALABAMA AVENUE (JAM),Alabama Avenue,2015-01-21,BMT,J,Jam,2015,01,Jan,4,Wed,"J1,2",2,3,,,,,No,
Station Cleaning,CLEVELAND STREET (JAM),Cleveland Street,2015-01-21,BMT,J,Jam,2015,01,Jan,4,Wed,"J1,2",2,3,,,,,No,
Station Cleaning,VAN SICLEN AVENUE (JAM),Van Siclen Avenue,2015-01-21,BMT,J,Jam,2015,01,Jan,4,Wed,"J1,2",2,3,,,,,No,
Special Work,UTICA AVENUE (FUL),Utica Avenue,2015-01-21,IND,A,Ful,2015,01,Jan,4,Wed,,,4,65,60225,60290,0,No,
Scraping,BROAD STREET (JAM),Broad Street,2015-01-21,BMT,J,Jam,2015,01,Jan,4,Wed,R1,,9,100,25250,25350,0,No,
Station Cleaning,86 STREET (4AVE),86 Street,2015-01-21,BMT,F,4Ave,2015,01,Jan,4,Wed,F1,1,12,,,,,No,
Special Work,UTICA AVENUE (FUL),Utica Avenue,2015-01-21,IND,A,Ful,2015,01,Jan,4,Wed,3&4,,15,30,60515,60520,0,No,
Station Cleaning,NOSTRAND AVENUE (FUL),Nostrand Avenue,2015-01-21,IND,A,Ful,2015,01,Jan,4,Wed,A1,1,26,,,,,No,
Station Cleaning,BOWERY STREET (JAM),Bowery Street,2015-01-21,BMT,J,Jam,2015,01,Jan,4,Wed,"J1,2",2,27,,,,,No,
Station Cleaning,CANAL STREET (JAM),Canal St at Center St.,2015-01-21,BMT,J,Jam,2015,01,Jan,4,Wed,"J1,2",2,37,,,,,No,
Station Cleaning,116 STREET (LWP),116 Street,2015-01-21,IRT,F,LWP,2015,01,Jan,4,Wed,F3,1,38,,,,,No,
Special Work,71 CONTINENTAL AVE (FOREST HILLS) (QNS),71 Continental Ave,2015-01-21,IND,D,Qns,2015,01,Jan,4,Wed,D1&D3,,40,15,156740,156725,0,No,
Station Cleaning,UTICA AVENUE (FUL),Utica Avenue,2015-01-21,IND,A,Ful,2015,01,Jan,4,Wed,"A2,4",2,42,,,,,No,
Special Work,UTICA AVENUE (FUL),Utica Avenue,2015-01-21,IND,A,Ful,2015,01,Jan,4,Wed,3&4,,47,200,60250,60450,0,No,
Station Cleaning,FRANKLIN AVENUE (FUL),Franklin Avenue,2015-01-21,IND,A,Ful,2015,01,Jan,4,Wed,"A1,2",2,52,,,,,No,
Station Cleaning,34 STREET/HERALD SQ (6AVE),34 Street/Herald Sq,2015-01-21,IND,B,6Ave,2015,01,Jan,4,Wed,"B1,2,3,4",4,80,,,,,No,
Station Cleaning,86 STREET (LEX),86 Street,2015-01-21,IRT,L,Lex,2015,01,Jan,4,Wed,L3,1,100,,,,,No,
Scraping,86 STREET (LEX),86 Street,2015-01-21,IRT,L,Lex,2015,01,Jan,4,Wed,L3,,100,640,12860,13500,0,No,
Station Cleaning,125 STREET (LWP),125 Street,2015-01-21,IRT,F,LWP,2015,01,Jan,4,Wed,F2,1,110,,,,,No,
Station Cleaning,GRAND AVENUE/NEWTOWN (QNS),Grand Avenue/Newtown,2015-01-21,IND,D,Qns,2015,01,Jan,4,Wed,"D1,2",2,176,,,,,No,
Station Cleaning,FULTON STREET (JAM),Fulton Street,2015-01-22,BMT,J,Jam,2015,01,Jan,4,Thu,R1,1,11,,,,,No,
Station Cleaning,FORT HAMILTON PARKWAY (6AVE),Fort Hamilton Parkway,2015-01-22,IND,B,6Ave,2015,01,Jan,4,Thu,"B1,2",2,15,,,,,No,
Station Cleaning,23 STREET (6AVE),23 Street,2015-01-22,IND,B,6Ave,2015,01,Jan,4,Thu,"B1,2",2,20,,,,,No,
Station Cleaning,WEST 4 STREET/WASHINGTON SQ. (6AVE),West 4 Street/Washington Sq.,2015-01-22,IND,B,6Ave,2015,01,Jan,4,Thu,"B1,2",2,25,,,,,No,
Station Cleaning,15 STREET (PROSPECT PARK) (6AVE),15 Street,2015-01-22,IND,B,6Ave,2015,01,Jan,4,Thu,"B1,2",2,28,,,,,No,
Station Cleaning,14 STREET (6AVE),14 Street,2015-01-22,IND,B,6Ave,2015,01,Jan,4,Thu,"B1,2",2,30,,,,,No,
Station Cleaning,23 STREET (ELY AVENUE) (QNS),23 Street (ELY Ave),2015-01-22,IND,D,Qns,2015,01,Jan,4,Thu,D4,1,32,,,,,No,
Station Cleaning,CANAL STREET (JAM),Canal St at Center St.,2015-01-22,BMT,J,Jam,2015,01,Jan,4,Thu,J4,1,41,,,,,No,
Station Cleaning,MYRTLE AVENUE  (CNRS),Myrtle Avenue,2015-01-22,BMT,Q,Cnrs,2015,01,Jan,4,Thu,"Q1,2",2,48,,,,,No,
Station Cleaning,LEXINGTON AVENUE (QNS),53 -Lexington,2015-01-22,IND,D,Qns,2015,01,Jan,4,Thu,"D3,4",2,59,,,,,No,
Station Cleaning,ROCKAWAY AVENUE (FUL),Rockaway Avenue,2015-01-22,IND,A,Ful,2015,01,Jan,4,Thu,"A1,2",2,76,,,,,No,
Station Cleaning,86 STREET (LEX),86 Street,2015-01-22,IRT,L,Lex,2015,01,Jan,4,Thu,"L1,2,4",3,80,,,,,No,
Station Cleaning,168 STREET-WASHINGTON HTS (8AVE),168 Street-Washington Hts,2015-01-22,IND,A,8Ave,2015,01,Jan,4,Thu,"A1,2,3,4",4,80,,,,,No,
Station Cleaning,168 STREET-WASHINGTON HTS (8AVE),168 Street-Washington Hts,2015-01-22,IND,A,8Ave,2015,01,Jan,4,Thu,"A1,2,3,4",4,80,,,,,No,
Station Cleaning,ELMHURST AVENUE (QNS),Elmhurst Avenue,2015-01-22,IND,D,Qns,2015,01,Jan,4,Thu,"D1,2",2,85,,,,,No,
Station Cleaning,34 STREET/HERALD SQ (BWY),34 Street/Herald Sq,2015-01-22,BMT,A,Bwy,2015,01,Jan,4,Thu,"A1,2,3,4",4,86,,,,,No,
Station Cleaning,MYRTLE AVENUE  (CNRS),Myrtle Avenue,2015-01-23,BMT,Q,Cnrs,2015,01,Jan,4,Fri,"Q1,2",2,12,,,,,No,
Special Work,110 STREET-CENTRAL PARK NORTH (LWP),110 Street-Central Park North,2015-01-23,IRT,F,LWP,2015,01,Jan,4,Fri,F2,,25,175,6550,6375,0,No,
Station Cleaning,103 STREET (LEX),103 Street,2015-01-23,IRT,L,Lex,2015,01,Jan,4,Fri,"L1,4",2,37,,,,,No,
Station Cleaning,HALSEY STREET  (CNRS),Halsey Street,2015-01-23,BMT,Q,Cnrs,2015,01,Jan,4,Fri,"Q1,2",2,39,,,,,No,
Station Cleaning,96 STREET (LEX),96 Street,2015-01-23,IRT,L,Lex,2015,01,Jan,4,Fri,"L1,4",2,40,,,,,No,
Station Cleaning,28 STREET (7BWY),28 Street,2015-01-23,IRT,V,7Bwy,2015,01,Jan,4,Fri,"L1,2",2,42,,,,,No,
Station Cleaning,34 STREET PENN STATION (7BWY),34 Street Penn Station,2015-01-23,IRT,MM,7Bwy,2015,01,Jan,4,Fri,"V1,2,3,4",4,47,,,,,No,
Station Cleaning,GRAHAM AVENUE (CNRS),Graham Avenue,2015-01-23,BMT,Q,Cnrs,2015,01,Jan,4,Fri,"Q1,2",2,91,,,,,No,
Special Work,ESSEX STREET (JAM),Essex Street,2015-01-23,BMT,J,Jam,2015,01,Jan,4,Fri,J1,,102,550,6450,7000,0,No,
Station Cleaning,RALPH AVENUE (FUL),Ralph Avenue,2015-01-23,IND,A,Ful,2015,01,Jan,4,Fri,"A1,2",2,126,,,,,No,
Station Cleaning,110 STREET-CENTRAL PARK NORTH (LWP),110 Street-Central Park North,2015-01-23,IRT,F,LWP,2015,01,Jan,4,Fri,F2,1,170,,,,,No,
Station Cleaning,BROADWAY NASSAU STREET (8AVE),Broadway Nassau Street,2015-01-24,IND,A,8Ave,2015,01,Jan,4,Sat,"A1,2",2,62,,,,,No,
Station Cleaning,PACIFIC STREET (4AVE),Pacific Street,2015-01-24,BMT,F,4Ave,2015,01,Jan,4,Sat,"F1,2,3,4",4,86,,,,,No,
Station Cleaning,ATLANTIC AVENUE (BRT),Atlantic Avenue,2015-01-24,BMT,A,Brt,2015,01,Jan,4,Sat,"A3,4",2,100,,,,,No,
Station Cleaning,ATLANTIC AVENUE (EPKY),Atlantic Avenue,2015-01-24,IRT,E,Epky,2015,01,Jan,4,Sat,"E1,2,3,4",4,100,,,,,No,
Station Cleaning,25 STREET (4AVE),25 Street,2015-01-24,BMT,F,4Ave,2015,01,Jan,4,Sat,F1,1,250,,,,,No,
Scraping,25 STREET (4AVE),25 Street,2015-01-24,BMT,F,4Ave,2015,01,Jan,4,Sat,F1,,250,600,43500,44100,0,No,
Scraping,9 STREET (4AVE),9 Street,2015-01-24,BMT,F,4Ave,2015,01,Jan,4,Sat,F4,,366,110,39480,39370,0,No,
Scraping,PARSONS/ARCHER (ARCH) U.L.,Parsons/Archer U.L.,2015-01-25,IND,DA,Arch,2015,01,Jan,5,Sun,DA2,,1360,6550,175550,169000,0,No,
Scraping,SUTPHIN BLVD/ARCHER (ARCH) U.L.,Sutphin Blvd/Archer U.L.,2015-01-26,IND,DA,Arch,2015,01,Jan,5,Mon,DA2,,2500,680,169000,168320,1600,No,
Scraping,JAMAICA VAN WYCK (ARCH),Jamaica Van Wyck,2015-01-26,IND,DA,Arch,2015,01,Jan,5,Mon,DA2,,,820,167500,168320,100,No,
Station Cleaning,FLATBUSH AVE-BROOKLYN COLLEGE (NOS),Flatbush Ave,2015-01-28,IRT,D,Nos,2015,01,Jan,5,Wed,D3,1,8,,,,,No,
Station Cleaning,110 STREET (LEX),110 Street,2015-01-28,IRT,L,Lex,2015,01,Jan,5,Wed,"L1,4",2,25,,,,,No,
Special Work,FLATBUSH AVE-BROOKLYN COLLEGE (NOS),Flatbush Ave,2015-01-28,IRT,D,Nos,2015,01,Jan,5,Wed,"D2,3",,26,600,39000,38700,0,No,
Station Cleaning,116 STREET (LEX),116 Street,2015-01-28,IRT,L,Lex,2015,01,Jan,5,Wed,"L1,4",2,35,,,,,No,
Station Cleaning,110 STREET-CENTRAL PARK NORTH (LWP),110 Street-Central Park North,2015-01-28,IRT,F,LWP,2015,01,Jan,5,Wed,F2,1,40,,,,,No,
Station Cleaning,FULTON STREET (LEX),Fulton Street,2015-01-28,IRT,M,Lex,2015,01,Jan,5,Wed,"M1,4",2,68,,,,,No,
Station Cleaning,116 STREET (LWP),116 Street,2015-01-28,IRT,F,LWP,2015,01,Jan,5,Wed,F3,1,75,,,,,No,
Station Cleaning,GRANT AVENUE (LIB),Grant Avenue,2015-01-28,IND,K,Lib,2015,01,Jan,5,Wed,"K1,2",2,78,,,,,No,
Station Cleaning,145 STREET (CONC),145 Street,2015-01-28,IND,C,Conc,2015,01,Jan,5,Wed,"1,2,3/4",3,103,,,,,No,
Special Work,CHAMBERS STREET (JAM),Chambers St at Centre St.,2015-01-28,BMT,J,Jam,2015,01,Jan,5,Wed,"J1,3",,112,50,21900,21950,0,No,
Station Cleaning,JACKSON HEIGHTS-ROOSEVELT AVE (QNS),Jackson Heights-Roosevelt Ave,2015-01-28,IND,D,Qns,2015,01,Jan,5,Wed,"D1,2",2,208,,,,,No,
Station Cleaning,103 STREET (8AVE),103 Street,2015-01-29,IND,A,8Ave,2015,01,Jan,5,Thu,"A1,2",2,18,,,,,No,
Station Cleaning,FLATBUSH AVE-BROOKLYN COLLEGE (NOS),Flatbush Ave,2015-01-29,IRT,D,Nos,2015,01,Jan,5,Thu,D2,1,21,,,,,No,
Station Cleaning,NEWKIRK AVENUE (NOS),Newkirk Avenue,2015-01-29,IRT,D,Nos,2015,01,Jan,5,Thu,"D2,3",2,28,,,,,No,
Station Cleaning,23 STREET (BWY),23 Street,2015-01-29,BMT,A,Bwy,2015,01,Jan,5,Thu,"B1,2",2,39,,,,,No,
Station Cleaning,96 STREET (8AVE),96 Street,2015-01-29,IND,A,8Ave,2015,01,Jan,5,Thu,"A1,2",2,40,,,,,No,
Station Cleaning,28 STREET (LEX),28 Street,2015-01-29,IRT,MM,Lex,2015,01,Jan,5,Thu,"MM1,4",2,49,,,,,No,
Station Cleaning,23 STREET (LEX),23 Street,2015-01-29,IRT,MM,Lex,2015,01,Jan,5,Thu,"MM1,4",2,50,,,,,No,
Station Cleaning,EUCLID AVENUE (FUL),Euclid Avenue,2015-01-29,IND,A,Ful,2015,01,Jan,5,Thu,"A1,3,4",3,68,,,,,No,
Station Cleaning,168 STREET (7BWY),168 Street,2015-01-29,IRT,BB,7Bwy,2015,01,Jan,5,Thu,"BB1,4",2,74,,,,,No,
Station Cleaning,BEDFORD AVENUE (CNRS),Bedford Avenue,2015-01-29,BMT,Q,Cnrs,2015,01,Jan,5,Thu,"Q1,2",2,80,,,,,No,
Station Cleaning,179 STREET-JAMAICA (QNS),179 Street-Jamaica,2015-01-29,IND,D,Qns,2015,01,Jan,5,Thu,"D2,3,4",3,145,,,,,No,
Scraping,9 STREET (4AVE),9 Street,2015-01-29,BMT,F,4Ave,2015,01,Jan,5,Thu,F4,,190,125,39370,39245,0,No,
Scraping,25 STREET (4AVE),25 Street,2015-01-29,BMT,F,4Ave,2015,01,Jan,5,Thu,F2,,200,160,436660,43500,0,No,
Special Work,149 STREET (3 AVENUE) (LWP),149 Street-3rd Ave,2015-01-30,IRT,F,LWP,2015,01,Jan,5,Fri,"F2,3",,2,1300,20950,20300,50,No,175
Station Cleaning,BEVERLY ROAD (NOS),Beverly Road,2015-01-30,IRT,D,Nos,2015,01,Jan,5,Fri,"D2,3",2,8,,,,,No,
Station Cleaning,CHURCH AVENUE (NOS),Church Avenue,2015-01-30,IRT,D,Nos,2015,01,Jan,5,Fri,"D2,3",2,16,,,,,No,
Station Cleaning,ASTOR PLACE (LEX),Astor Place,2015-01-30,IRT,MM,Lex,2015,01,Jan,5,Fri,"MM1,4",2,20,,,,,No,
Station Cleaning,BLEECKER STREET (LEX),Bleecker Street,2015-01-30,IRT,MM,Lex,2015,01,Jan,5,Fri,"MM1,4",2,20,,,,,No,
Station Cleaning,WINTHROP STREET (NOS),Winthrop Street,2015-01-30,IRT,D,Nos,2015,01,Jan,5,Fri,"D2,3",2,25,,,,,No,
Station Cleaning,14 STREET/UNION SQ (LEX),14 Street/Union Sq,2015-01-30,IRT,MM,Lex,2015,01,Jan,5,Fri,MM1,1,54,,,,,No,
Station Cleaning,BROAD STREET (JAM),Broad Street,2015-01-30,BMT,J,Jam,2015,01,Jan,5,Fri,"R1,2",2,55,,,,,No,
Station Cleaning,145 STREET (8AVE),145 Street,2015-01-30,IND,A,8Ave,2015,01,Jan,5,Fri,"A2,3,4",3,60,,,,,No,
Station Cleaning,149 STREET (3 AVENUE) (LWP),149 Street-3rd Ave,2015-01-30,IRT,F,LWP,2015,01,Jan,5,Fri,"F2,3",2,118,,,,,No,
Special Work,149 STREET (3 AVENUE) (LWP),149 Street-3rd Ave,2015-01-30,IRT,F,LWP,2015,01,Jan,5,Fri,"F2,3",,118,1300,20950,20300,50,Yes,175
Scraping,9 STREET (4AVE),9 Street,2015-01-30,BMT,F,4Ave,2015,01,Jan,5,Fri,F4,,160,190,39245,39060,,No,
Station Cleaning,179 STREET-JAMAICA (QNS),179 Street-Jamaica,2015-01-30,IND,D,Qns,2015,01,Jan,5,Fri,D1,1,180,,,,,No,
Special Work,ATLANTIC AVENUE (EPKY),Atlantic Avenue,2015-01-31,IRT,E,Epky,2015,01,Jan,5,Sat,E4,,6,50,16000,16050,0,Yes,
Station Cleaning,23 STREET (BWY),23 Street,2015-01-31,BMT,A,Bwy,2015,01,Jan,5,Sat,"B1,2",2,10,,,,,No,
Station Cleaning,PACIFIC STREET (4AVE),Pacific Street,2015-01-31,BMT,F,4Ave,2015,01,Jan,5,Sat,"F1,4B2",3,20,,,,,No,
Station Cleaning,ATLANTIC AVENUE (EPKY),Atlantic Avenue,2015-01-31,IRT,E,Epky,2015,01,Jan,5,Sat,"E1,2,3,4",4,21,,,,,No,
Station Cleaning,34 STREET/HERALD SQ (BWY),34 Street/Herald Sq,2015-01-31,BMT,A,Bwy,2015,01,Jan,5,Sat,"B1,2,3,4",4,30,,,,,No,
Special Work,DEKALB AVENUE (4AVE),Dekalb Avenue,2015-01-31,BMT,F,4Ave,2015,01,Jan,5,Sat,4,,31,350,28500,28150,0,No,
Station Cleaning,59 STREET (LEX),59 Street,2015-01-31,IRT,L,Lex,2015,01,Jan,5,Sat,"B1,4",2,55,,,,,No,
Station Cleaning,34 STREET/HERALD SQ (6AVE),34 Street/Herald Sq,2015-01-31,IND,B,6Ave,2015,01,Jan,5,Sat,"B1,2,3,4",4,66,,,,,No,
Special Work,149 STREET GRAND CONC UL (JER),149 street-Grand Conc UL,2015-01-31,IRT,J,Jer,2015,01,Jan,5,Sat,JM,,75,50,30000,30050,0,No,
Station Cleaning,34 STREET (PENN STATION) (8AVE),34 Street,2015-01-31,IND,A,8Ave,2015,01,Jan,5,Sat,"A2,4",2,87,,,,,No,
Station Cleaning,63 DRIVE (REGO PARK) (QNS),63 Drive,2015-01-31,IND,D,Qns,2015,01,Jan,5,Sat,D2,1,120,,,,,No,
Station Cleaning,65 STREET (QNS),65 Street,2015-01-31,IND,D,Qns,2015,01,Jan,5,Sat,"D1,2",2,180,,,,,No,
Station Cleaning,238 STREET (7BWY),238 Street,2015-02-01,IRT,BB,7Bwy,2015,02,Feb,6,Sun,"BB1,2",2,11,,,,,No,
Station Cleaning,MAIN STREET (FLU),Main Street,2015-02-01,IRT,C,Flu,2015,02,Feb,6,Sun,"C1,2,M",3,22,,,,,No,
Station Cleaning,NOSTRAND AVENUE (FUL),Nostrand Avenue,2015-02-03,IND,A,Ful,2015,02,Feb,6,Tue,"A3,4",2,35,,,,,No,
Station Cleaning,67 AVENUE (QNS),67 Avenue,2015-02-03,IND,D,Qns,2015,02,Feb,6,Tue,D2,1,37,,,,,No,
Station Cleaning,QUEENSBRIDGE (21 STREET) (63RD),21 -Queensbridge,2015-02-03,IND,T,63St,2015,02,Feb,6,Tue,"T1,2",2,44,,,,,No,
Station Cleaning,63 DRIVE (REGO PARK) (QNS),63 Drive,2015-02-03,IND,D,Qns,2015,02,Feb,6,Tue,D2,1,45,,,,,No,
Station Cleaning,BROOKLYN BRIDGE (CITY HALL) (LEX),Brooklyn Bridge,2015-02-03,IRT,M,Lex,2015,02,Feb,6,Tue,"MM1,2,3,4",4,50,,,,,No,
Station Cleaning,DEKALB AVENUE (4AVE),Dekalb Avenue,2015-02-03,BMT,F,4Ave,2015,02,Feb,6,Tue,"A3,4B1,2",4,53,,,,,No,
Station Cleaning,BROADWAY (XTWN),Broadway,2015-02-03,IND,E,Xtwn,2015,02,Feb,6,Tue,"E1,2",2,58,,,,,No,
Station Cleaning,METROPOLITAN AVENUE (XTWN),Metropolitan Avenue,2015-02-03,IND,E,Xtwn,2015,02,Feb,6,Tue,"E1,2",2,63,,,,,No,
Station Cleaning,CLINTON-WASHINGTON (FUL),Clinton-Washington,2015-02-03,IND,A,Ful,2015,02,Feb,6,Tue,"A,1,2",2,68,,,,,No,
Station Cleaning,CANAL STREET (8AVE),Canal St at Church St.,2015-02-03,IND,A,8Ave,2015,02,Feb,6,Tue,"A1,2,3,4",4,69,,,,,No,
Scraping,9 STREET (4AVE),9 Street,2015-02-03,BMT,F,4Ave,2015,02,Feb,6,Tue,F4,,100,0,39050,38855,100,No,
Station Cleaning,FORDHAM ROAD (CONC),Fordham Road,2015-02-03,IND,C,Conc,2015,02,Feb,6,Tue,"C1,C2,3/4",3,125,,,,,No,
Station Cleaning,42 STREET (8AVE),42 Street,2015-02-03,IND,A,8Ave,2015,02,Feb,6,Tue,"A1,2,3,4",4,138,,,,,No,
Station Cleaning,SPRING STREET (8AVE),Spring Street,2015-02-04,IND,A,8Ave,2015,02,Feb,6,Wed,"A1,2",2,21,,,,,No,
Station Cleaning,CHAMBERS STREET (8AVE),Chambers St at Church,2015-02-04,IND,A,8Ave,2015,02,Feb,6,Wed,"A3,4,",2,35,,,,,No,
Station Cleaning,MYRTLE-WILLOUGHBY AVENUES (XTWN),Myrtle-Willoughby Avenues,2015-02-04,IND,E,Xtwn,2015,02,Feb,6,Wed,"E1,2",2,35,,,,,No,
Station Cleaning,NOSTRAND AVENUE (FUL),Nostrand Avenue,2015-02-04,IND,A,Ful,2015,02,Feb,6,Wed,A2,1,35,,,,,No,
Station Cleaning,ROOSEVELT ISLAND (63RD),Roosevelt Island (63rd),2015-02-04,IND,T,63St,2015,02,Feb,6,Wed,"T1,2",2,44,,,,,No,
Station Cleaning,51 STREET (LEX),51 Street,2015-02-04,IRT,L,Lex,2015,02,Feb,6,Wed,"L1,4",2,46,,,,,No,
Station Cleaning,33 STREET (LEX),33 Street,2015-02-04,IRT,MM,Lex,2015,02,Feb,6,Wed,"MM1,4",2,47,,,,,No,
Station Cleaning,FLUSHING AVENUE (XTWN),Flushing Avenue,2015-02-04,IND,E,Xtwn,2015,02,Feb,6,Wed,"E1,2",2,48,,,,,No,
Station Cleaning,KINGSTON THROOP AVENUES (FUL),Kingston Throop Avenues,2015-02-04,IND,A,Ful,2015,02,Feb,6,Wed,"A1,2",2,61,,,,,No,
Station Cleaning,23 STREET (8AVE),23 Street,2015-02-04,IND,A,8Ave,2015,02,Feb,6,Wed,"A1,2",2,72,,,,,No,
Station Cleaning,7 AVENUE (QNS),7 Avenue,2015-02-04,IND,D,Qns,2015,02,Feb,6,Wed,"D3,4",2,85,,,,,No,
Station Cleaning,SPRING STREET (LEX),Spring Street,2015-02-04,IRT,MM,Lex,2015,02,Feb,6,Wed,"MM1,4",2,90,,,,,No,
Station Cleaning,FRANKLIN AVENUE (EPKY),Franklin Avenue,2015-02-04,IRT,E,Epky,2015,02,Feb,6,Wed,"E1,2,3,4",4,107,,,,,No,
Station Cleaning,207 STREET (8AVE),207 Street,2015-02-04,IND,A,8Ave,2015,02,Feb,6,Wed,"A1,2",2,110,,,,,No,
Station Cleaning,190 STREET (8AVE),190 Street,2015-02-05,IND,A,8Ave,2015,02,Feb,6,Thu,"A1,2",2,25,,,,,No,
Station Cleaning,SHEPHERD AVENUE (FUL),Shepherd Avenue,2015-02-05,IND,A,Ful,2015,02,Feb,6,Thu,A2,1,25,,,,,No,
Station Cleaning,DYCKMAN STREET (200 STREET) (8AVE),200 -Dyckman,2015-02-05,IND,A,8Ave,2015,02,Feb,6,Thu,"A1,2",2,42,,,,,No,
Station Cleaning,EUCLID AVENUE (FUL),Euclid Avenue,2015-02-05,IND,A,Ful,2015,02,Feb,6,Thu,A2,1,48,,,,,No,
Station Cleaning,BEDFORD-NOSTRAND AVE (XTWN),Bedford-Nostrand Ave,2015-02-05,IND,E,Xtwn,2015,02,Feb,6,Thu,"E1,2 3/4",3,68,,,,,No,
Station Cleaning,CHAMBERS STREET (7BWY),Chambers Street,2015-02-05,IRT,V,7Bwy,2015,02,Feb,6,Thu,"K2,3V1,4",4,80,,,,,No,
Station Cleaning,VAN WYCK BLVD.(BRIARWOOD) (QNS),Van wyck Blvd,2015-02-05,IND,D,Qns,2015,02,Feb,6,Thu,D1,1,85,,,,,No,
Station Cleaning,CANAL STREET (LEX),Canal St at Lafayette,2015-02-05,IRT,MM,Lex,2015,02,Feb,6,Thu,"MM1,4",2,100,,,,,No,
Scraping,9 STREET (4AVE),9 Street,2015-02-05,BMT,F,4Ave,2015,02,Feb,6,Thu,F4,,110,115,28700,28585,50,No,
Scraping,125 STREET (8AVE),125 Street,2015-02-05,IND,A,8Ave,2015,02,Feb,6,Thu,A2,,118,135,129400,129265,0,No,
Station Cleaning,UTICA AVENUE-CROWN HEIGHTS (EPKY),Utica Avenue-Crown Heights,2015-02-05,IRT,E,Epky,2015,02,Feb,6,Thu,"E1,2,3,4",4,119,,,,,No,
Station Cleaning,59 STREET-COLUMBUS CIRCLE (8AVE),59 Street-Columbus Circle,2015-02-05,IND,A,8Ave,2015,02,Feb,6,Thu,"A1,2,3,4",4,167,,,,,No,
Station Cleaning,23 STREET (LEX),23 Street,2015-02-06,IRT,MM,Lex,2015,02,Feb,6,Fri,"MM1,4",2,6,,,,,No,
Station Cleaning,23 STREET (BWY),23 Street,2015-02-06,BMT,A,Bwy,2015,02,Feb,6,Fri,"A1,2",2,15,,,,,No,
Station Cleaning,ATLANTIC AVENUE (EPKY),Atlantic Avenue,2015-02-06,IRT,E,Epky,2015,02,Feb,6,Fri,"E1,2,3,4",4,19,,,,,No,
Station Cleaning,34 STREET/HERALD SQ (6AVE),34 Street/Herald Sq,2015-02-06,IND,B,6Ave,2015,02,Feb,6,Fri,"A1,2,3,4",4,20,,,,,No,
Station Cleaning,SHEPHERD AVENUE (FUL),Shepherd Avenue,2015-02-06,IND,A,Ful,2015,02,Feb,6,Fri,A1,1,23,,,,,No,
Station Cleaning,170 STREET (CONC),170 Street,2015-02-06,IND,C,Conc,2015,02,Feb,6,Fri,C2,1,26,,,,,No,
Station Cleaning,ATLANTIC AVENUE (BRT),Atlantic Avenue,2015-02-06,BMT,A,Brt,2015,02,Feb,6,Fri,"A3,4",2,31,,,,,No,
Station Cleaning,167 STREET (CONC),167 Street,2015-02-06,IND,C,Conc,2015,02,Feb,6,Fri,"C1,2",2,44,,,,,No,
Station Cleaning,59 STREET (LEX),59 Street,2015-02-06,IRT,L,Lex,2015,02,Feb,6,Fri,"L2,3",2,45,,,,,No,
Station Cleaning,VAN SICLEN AVENUE (FUL),Van Siclen Avenue,2015-02-06,IND,A,Ful,2015,02,Feb,6,Fri,"A1,2",2,54,,,,,No,
Station Cleaning,34 STREET/HERALD SQ (BWY),34 Street/Herald Sq,2015-02-06,BMT,A,Bwy,2015,02,Feb,6,Fri,"A1,2,3,4",4,72,,,,,No,
Station Cleaning,COURT SQUARE (XTWN),Court Square,2015-02-06,IND,E,Xtwn,2015,02,Feb,6,Fri,"E1,2",2,88,,,,,No,
Station Cleaning,71 CONTINENTAL AVE (FOREST HILLS) (QNS),71 Continental Ave,2015-02-06,IND,D,Qns,2015,02,Feb,6,Fri,"D1,3,4",3,95,,,,,No,
Scraping,9 STREET (4AVE),9 Street,2015-02-06,BMT,F,4Ave,2015,02,Feb,6,Fri,F3,,120,200,38700,39200,200,No,
Scraping,125 STREET (8AVE),125 Street,2015-02-06,IND,A,8Ave,2015,02,Feb,6,Fri,A2,,166,565,129265,128700,0,No,
Special Work,PACIFIC STREET (4AVE),Pacific Street,2015-02-07,BMT,F,4Ave,2015,02,Feb,6,Sat,F4,,14,80,32320,32400,0,No,
Station Cleaning,PACIFIC STREET (4AVE),Pacific Street,2015-02-07,BMT,F,4Ave,2015,02,Feb,6,Sat,"F1,2,3,4",4,27,,,,,No,
Station Cleaning,RECTOR STREET (BWY),Rector Street,2015-02-07,BMT,B,Bwy,2015,02,Feb,6,Sat,"V1,4",2,35,,,,,No,
Station Cleaning,WALL STREET (CLARK),Wall Street,2015-02-07,IRT,K,Clark,2015,02,Feb,6,Sat,"K2,3",2,46,,,,,No,
Station Cleaning,14 STREET/UNION SQ (LEX),14 Street/Union Sq,2015-02-07,IRT,MM,Lex,2015,02,Feb,6,Sat,"MM1,2,3",3,51,,,,,No,
Station Cleaning,BROOKLYN BRIDGE (CITY HALL) (LEX),Brooklyn Bridge,2015-02-07,IRT,M,Lex,2015,02,Feb,6,Sat,"MM1,2,3,4",4,53,,,,,No,
Station Cleaning,75 AVENUE (QNS),75 Avenue,2015-02-07,IND,D,Qns,2015,02,Feb,6,Sat,D1,1,58,,,,,No,
Station Cleaning,8 STREET (NYU) (BWY),8 Street,2015-02-07,BMT,A,Bwy,2015,02,Feb,6,Sat,"A1,4",2,69,,,,,No,
Station Cleaning,66 STREET-LINCOLN CENTER (7BWY),66 Street-Lincoln Center,2015-02-07,IRT,B,7Bwy,2015,02,Feb,6,Sat,"B1,2",2,75,,,,,No,
Scraping,125 STREET (8AVE),125 Street,2015-02-07,IND,A,8Ave,2015,02,Feb,6,Sat,A2,,146,100,128700,127700,100,No,
Scraping,9 STREET (4AVE),9 Street,2015-02-07,BMT,F,4Ave,2015,02,Feb,6,Sat,F3,,150,200,39300,39100,150,No,
Station Cleaning,34 STREET/HERALD SQ (6AVE),34 Street/Herald Sq,2015-02-10,IND,B,6Ave,2015,02,Feb,7,Tue,"B1,2",2,10,,,,,No,
Station Cleaning,42 STREET/GRAND CENTRAL (LEX),42 Street/Grand Central,2015-02-10,IRT,L,Lex,2015,02,Feb,7,Tue,"L1,2,3,4",4,19,,,,,No,
Station Cleaning,23 STREET (6AVE),23 Street,2015-02-10,IND,B,6Ave,2015,02,Feb,7,Tue,"B1,2",2,30,,,,,No,
Station Cleaning,FULTON STREET (LEX),Fulton Street,2015-02-10,IRT,M,Lex,2015,02,Feb,7,Tue,"M1,4",2,30,,,,,No,
Station Cleaning,WALL STREET (LEX),Wall Street,2015-02-10,IRT,M,Lex,2015,02,Feb,7,Tue,"M1,4",2,42,,,,,No,
Station Cleaning,34 STREET/HERALD SQ (BWY),34 Street/Herald Sq,2015-02-10,BMT,A,Bwy,2015,02,Feb,7,Tue,"B1,2,3,4",4,65,,,,,No,
Station Cleaning,2 AVENUE (6AVE),2 Avenue,2015-02-10,IND,B,6Ave,2015,02,Feb,7,Tue,"B1,2,5,6",4,81,,,,,No,
Scraping,9 STREET (4AVE),9 Street,2015-02-10,BMT,F,4Ave,2015,02,Feb,7,Tue,f3,,150,200,39100,38900,200,No,
Scraping,125 STREET (8AVE),125 Street,2015-02-10,IND,A,8Ave,2015,02,Feb,7,Tue,A4,,158,870,127700,128570,0,No,
Station Cleaning,23 STREET (LEX),23 Street,2015-02-11,IRT,MM,Lex,2015,02,Feb,7,Wed,"MM1,4",2,6,,,,,No,
Station Cleaning,PARK PLACE (CLARK),Park Place,2015-02-11,IRT,K,Clark,2015,02,Feb,7,Wed,"K2,3",2,6,,,,,No,
Station Cleaning,FULTON STREET (LEX),Fulton Street,2015-02-11,IRT,M,Lex,2015,02,Feb,7,Wed,"M2,3",2,8,,,,,No,
Station Cleaning,34 STREET/HERALD SQ (BWY),34 Street/Herald Sq,2015-02-11,BMT,A,Bwy,2015,02,Feb,7,Wed,"B3,4",2,15,,,,,No,
Station Cleaning,CANAL STREET (BWY) U.L.,Canal St at Brdwy (Upper),2015-02-11,BMT,A,Bwy,2015,02,Feb,7,Wed,"A1,2",2,17,,,,,No,
Station Cleaning,42 STREET/GRAND CENTRAL (LEX),42 Street/Grand Central,2015-02-11,IRT,L,Lex,2015,02,Feb,7,Wed,"L1,2,3,4",4,20,,,,,No,
Station Cleaning,23 STREET (BWY),23 Street,2015-02-11,BMT,A,Bwy,2015,02,Feb,7,Wed,"B1,2",2,21,,,,,No,
Station Cleaning,BROADWAY JCT. EAST NEW YORK (FUL),Broadway Jct East NY,2015-02-11,IND,A,Ful,2015,02,Feb,7,Wed,A3,1,21,,,,,No,
Station Cleaning,FULTON STREET (JAM),Fulton Street,2015-02-11,BMT,J,Jam,2015,02,Feb,7,Wed,"R1,2",2,25,,,,,No,
Station Cleaning,42 STREET-BRYANT PARK (6AVE),42 Street-Bryant Park,2015-02-11,IND,B,6Ave,2015,02,Feb,7,Wed,"B2,3,4",3,30,,,,,No,
Station Cleaning,68 STREET-HUNTER COLLEGE (LEX),68 Street-Hunter College,2015-02-11,IRT,L,Lex,2015,02,Feb,7,Wed,"L1,4",2,38,,,,,No,
Station Cleaning,FULTON STREET (CLARK),Fulton Street,2015-02-11,IRT,K,Clark,2015,02,Feb,7,Wed,"K2,3",2,41,,,,,No,
Station Cleaning,77 STREET (LEX),77 Street,2015-02-11,IRT,L,Lex,2015,02,Feb,7,Wed,"L1,4",2,50,,,,,No,
Station Cleaning,42 STREET/GRAND CENTRAL (SHU),42 Street/Grand central,2015-02-11,IRT,MM,Shu,2015,02,Feb,7,Wed,"MMS1,3,4",3,51,,,,,No,
Station Cleaning,36 STREET (4AVE),36 Street,2015-02-11,BMT,F,4Ave,2015,02,Feb,7,Wed,"F2,4",2,55,,,,,No,
Station Cleaning,42 STREET/GRAND CENTRAL 7 (FLU),42 Street/Grand Central 7,2015-02-11,IRT,C,Flu,2015,02,Feb,7,Wed,"C1,2",2,75,,,,,No,
Scraping,125 STREET (8AVE),125 Street,2015-02-11,IND,A,8Ave,2015,02,Feb,7,Wed,A4,,202,790,128570,129360,0,No,
Scraping,86 STREET (LEX),86 Street,2015-02-12,IRT,L,Lex,2015,02,Feb,7,Thu,L2,,70,75,15650,15575,0,No,
Scraping,KEW GARDENS -UNION TURNPIKE (QNS),Kew Gdns - Union Tpke,2015-02-12,IND,D,Qns,2015,02,Feb,7,Thu,D2,,83,220,162780,163000,0,No,
Scraping,125 STREET (8AVE),125 Street,2015-02-12,IND,A,8Ave,2015,02,Feb,7,Thu,A3,,88,90,129480,129390,0,No,
Scraping,125 STREET (8AVE),125 Street,2015-02-12,IND,A,8Ave,2015,02,Feb,7,Thu,A3,,92,120,129360,129480,0,No,
Scraping,86 STREET (LEX),86 Street,2015-02-12,IRT,L,Lex,2015,02,Feb,7,Thu,L2,,250,325,15200,15525,0,No,
Station Cleaning,KINGSTON AVENUE (EPKY),Kingston Avenue,2015-02-13,IRT,E,Epky,2015,02,Feb,7,Fri,"E1,4",2,12,,,,,No,
Station Cleaning,42 STREET-BRYANT PARK (6AVE),42 Street-Bryant Park,2015-02-13,IND,B,6Ave,2015,02,Feb,7,Fri,B1,1,20,,,,,No,
Scraping,LEXINGTON AVENUE (AST),59 -Lexington,2015-02-13,BMT,G,Ast,2015,02,Feb,7,Fri,G1,,20,60,3420,3480,0,No,
Station Cleaning,36 STREET (4AVE),36 Street,2015-02-13,BMT,F,4Ave,2015,02,Feb,7,Fri,"F1,3",2,29,,,,,No,
Station Cleaning,NOSTRAND AVENUE (EPKY),Nostrand Avenue,2015-02-13,IRT,E,Epky,2015,02,Feb,7,Fri,"E1,4",2,41,,,,,No,
Station Cleaning,NASSAU AVENUE (XTWN),Nassau Avenue,2015-02-13,IND,E,Xtwn,2015,02,Feb,7,Fri,"E1,2",2,46,,,,,No,
Station Cleaning,LIBERTY AVENUE (FUL),Liberty Avenue,2015-02-13,IND,A,Ful,2015,02,Feb,7,Fri,"A1,2",2,46,,,,,No,
Station Cleaning,28 STREET (LEX),28 Street,2015-02-13,IRT,MM,Lex,2015,02,Feb,7,Fri,"MM1,4",2,48,,,,,No,
Station Cleaning,GREENPOINT AVENUE (XTWN),Greenpoint Avenue,2015-02-13,IND,E,Xtwn,2015,02,Feb,7,Fri,"E1,2",2,51,,,,,No,
Station Cleaning,SUTPHIN BLVD (QNS),Sutphin Blvd,2015-02-13,IND,D,Qns,2015,02,Feb,7,Fri,D1,1,55,,,,,No,
Station Cleaning,LEXINGTON AVENUE (63RD),63 -Lexington,2015-02-13,IND,T,63St,2015,02,Feb,7,Fri,"T1,2",2,64,,,,,No,
Station Cleaning,LAFAYETTE AVENUE (FUL),Lafayette Avenue,2015-02-13,IND,A,Ful,2015,02,Feb,7,Fri,"A1,2",2,65,,,,,No,
Station Cleaning,LEXINGTON AVENUE (AST),59 -Lexington,2015-02-13,BMT,G,Ast,2015,02,Feb,7,Fri,G2,1,90,,,,,No,
Scraping,125 STREET (8AVE),125 Street,2015-02-13,IND,A,8Ave,2015,02,Feb,7,Fri,A3,,203,150,129390,1292,200,No,
Special Work,57 STREET (6AVE),57 St / 7th Ave,2015-02-14,IND,B,6Ave,2015,02,Feb,7,Sat,BETWEEN 5&6,,3,50,108900,108950,0,No,
Special Work,57 STREET (6AVE),57 St / 7th Ave,2015-02-14,IND,B,6Ave,2015,02,Feb,7,Sat,BETWEEN 5&6,,6,200,109700,109900,0,Yes,
Station Cleaning,CARROLL STREET (6AVE),Carroll Street,2015-02-14,IND,B,6Ave,2015,02,Feb,7,Sat,"B1,2",2,8,,,,,No,
Station Cleaning,7 AVENUE (BKLYN) (6AVE),7 Avenue,2015-02-14,IND,B,6Ave,2015,02,Feb,7,Sat,"B1,2,3,4",4,14,,,,,No,
Station Cleaning,57 STREET (6AVE),57 St / 7th Ave,2015-02-14,IND,B,6Ave,2015,02,Feb,7,Sat,"B5,6",2,25,,,,,No,
Station Cleaning,47-50 STREET (ROCKEFELLER CTR) (6AVE),47-50 Street,2015-02-14,IND,B,6Ave,2015,02,Feb,7,Sat,"1,3",2,30,,,,,No,
Station Cleaning,CLASSON AVENUE (XTWN),Classon Avenue,2015-02-14,IND,E,Xtwn,2015,02,Feb,7,Sat,"E1,2",2,33,,,,,No,
Station Cleaning,BOWLING GREEN (LEX),Bowling Green,2015-02-14,IRT,M,Lex,2015,02,Feb,7,Sat,"M2,3",2,43,,,,,No,
Station Cleaning,28 STREET (LEX),28 Street,2015-02-14,IRT,MM,Lex,2015,02,Feb,7,Sat,"MM1,4",2,48,,,,,No,
Station Cleaning,59 STREET (LEX),59 Street,2015-02-14,IRT,L,Lex,2015,02,Feb,7,Sat,"L1,4",2,48,,,,,No,
Station Cleaning,21 STREET (VAN ALST) (XTWN),21 Street (Van Alst),2015-02-14,IND,E,Xtwn,2015,02,Feb,7,Sat,"E1,2",2,80,,,,,No,
Station Cleaning,QUEENS PLAZA (QNS),Queens Plaza,2015-02-14,IND,D,Qns,2015,02,Feb,7,Sat,"D1,3",2,180,,,,,No,
Scraping,125 STREET (8AVE),125 Street,2015-02-14,IND,A,8Ave,2015,02,Feb,7,Sat,A3,,219,200,129250,129050,0,No,
Station Cleaning,238 STREET (7BWY),238 Street,2015-02-16,IRT,BB,7Bwy,2015,02,Feb,8,Mon,"BB1,2",2,6,,,,,No,
Station Cleaning,53 STREET (4AVE),53 Street,2015-02-17,BMT,F,4Ave,2015,02,Feb,8,Tue,"F1,2",2,6,,,,,No,
Station Cleaning,45 STREET (4AVE),45 Street,2015-02-17,BMT,F,4Ave,2015,02,Feb,8,Tue,"F1,2",2,9,,,,,No,
Scraping,KEW GARDENS -UNION TURNPIKE (QNS),Kew Gdns - Union Tpke,2015-02-17,IND,D,Qns,2015,02,Feb,8,Tue,D2,,22,75,162875,162950,0,No,
Station Cleaning,CLINTON-WASHINGTON AVE (XTWN),Clinton-Washington,2015-02-17,IND,E,Xtwn,2015,02,Feb,8,Tue,"E1,2",2,28,,,,,No,
Station Cleaning,5 AVENUE-53 ST (QNS),5 avenue-53 st,2015-02-17,IND,D,Qns,2015,02,Feb,8,Tue,D3,1,40,,,,,No,
Station Cleaning,NEVINS STREET (EPKY),Nevins Street,2015-02-17,IRT,E,Epky,2015,02,Feb,8,Tue,"E1,2,3,4",4,57,,,,,No,
Station Cleaning,7 AVENUE (QNS),7 Avenue,2015-02-17,IND,D,Qns,2015,02,Feb,8,Tue,"B3,4",2,64,,,,,No,
Station Cleaning,57 STREET (BWY),57 St / 6th Ave,2015-02-17,BMT,A,Bwy,2015,02,Feb,8,Tue,"A1,2,3,4",4,71,,,,,No,
Station Cleaning,FULTON STREET (XTWN),Fulton Street,2015-02-17,IND,E,Xtwn,2015,02,Feb,8,Tue,"E1,2",2,82,,,,,No,
Station Cleaning,LEXINGTON AVENUE (QNS),53 -Lexington,2015-02-17,IND,D,Qns,2015,02,Feb,8,Tue,"D3,4",2,95,,,,,No,
Station Cleaning,BEDFORD PARK BLVD. (LEHMAN COLLEGE) (JER),Bedford Park Blvd.,2015-02-17,IRT,J,Jer,2015,02,Feb,8,Tue,"C1,2,3/4",3,100,,,,,No,
Scraping,125 STREET (8AVE),125 Street,2015-02-17,IND,A,8Ave,2015,02,Feb,8,Tue,A3,,175,200,129050,128850,0,No,
Special Work,BOROUGH HALL (CLARK),Borough Hall,2015-02-18,IRT,K,Clark,2015,02,Feb,8,Wed,TRK 3,,2,15,28800,28815,0,Yes,
Station Cleaning,BOROUGH HALL (CLARK),Borough Hall,2015-02-18,IRT,K,Clark,2015,02,Feb,8,Wed,"K2,3",2,10,,,,,No,
Station Cleaning,HOYT STREET (EPKY),Hoyt Street,2015-02-18,IRT,E,Epky,2015,02,Feb,8,Wed,"E2,3",2,19,,,,,No,
Station Cleaning,BOROUGH HALL (EPK),Borough Hall,2015-02-18,IRT,M,Epky,2015,02,Feb,8,Wed,"E2,3",2,21,,,,,No,
Station Cleaning,ATLANTIC AVENUE (BRT),Atlantic Avenue,2015-02-18,BMT,A,Brt,2015,02,Feb,8,Wed,"A3,A4",2,22,,,,,No,
Station Cleaning,190 STREET (8AVE),190 Street,2015-02-18,IND,A,8Ave,2015,02,Feb,8,Wed,"A1,2",2,25,,,,,No,
Station Cleaning,7 AVENUE (BRT),7 Avenue,2015-02-18,BMT,A,Brt,2015,02,Feb,8,Wed,"A3,4",2,28,,,,,No,
Station Cleaning,181 STREET (8AVE),181 Street,2015-02-18,IND,A,8Ave,2015,02,Feb,8,Wed,"A1,2",2,38,,,,,No,
Station Cleaning,7 AVENUE (QNS),7 Avenue,2015-02-18,IND,D,Qns,2015,02,Feb,8,Wed,D4,1,38,,,,,No,
Station Cleaning,59 STREET-COLUMBUS CIRCLE (7BWY),59 Street,2015-02-18,IRT,B,7Bwy,2015,02,Feb,8,Wed,"B1,2",2,38,,,,,No,
Station Cleaning,LEXINGTON AVENUE (AST),59 -Lexington,2015-02-18,BMT,G,Ast,2015,02,Feb,8,Wed,G1&G2,2,42,,,,,No,
Station Cleaning,WEST 4 STREET /WASHINGTON SQ. (8AVE),West 4 street /Washington Wq.,2015-02-18,IND,A,8Ave,2015,02,Feb,8,Wed,"A2,4",2,44,,,,,No,
Station Cleaning,HIGH STREET (8 AVE),High Street,2015-02-18,IND,A,8Ave,2015,02,Feb,8,Wed,"A3,4",2,47,,,,,No,
Station Cleaning,5 AVENUE (AST),5 Av - 59 St,2015-02-18,BMT,G,Ast,2015,02,Feb,8,Wed,"G1,G2",2,68,,,,,No,
Station Cleaning,161 STREET-YANKEE STADIUM (JER),161 Street-Yankee Stadium,2015-02-18,IRT,J,Jer,2015,02,Feb,8,Wed,"J1,2",2,120,,,,,No,
Station Cleaning,5 AVENUE-53 ST (QNS),5 avenue-53 st,2015-02-18,IND,D,Qns,2015,02,Feb,8,Wed,D4,1,188,,,,,No,
Station Cleaning,170 STREET (CONC),170 Street,2015-02-19,IND,C,Conc,2015,02,Feb,8,Thu,"C1,2",2,1,,,,,No,
Station Cleaning,CANAL STREET (JAM),Canal St at Center St.,2015-02-19,BMT,J,Jam,2015,02,Feb,8,Thu,"J2,4",2,22,,,,,No,
Station Cleaning,HOUSTON STREET (7BWY),Houston Street,2015-02-19,IRT,V,7Bwy,2015,02,Feb,8,Thu,"V1,4",2,26,,,,,No,
Station Cleaning,COURT STREET (BWY),Court Street,2015-02-19,BMT,B,Bwy,2015,02,Feb,8,Thu,"B1,2",2,28,,,,,No,
Station Cleaning,174 STREET (CONC),174-175 St,2015-02-19,IND,C,Conc,2015,02,Feb,8,Thu,"C1,2",2,28,,,,,No,
Station Cleaning,SPRING STREET (LEX),Spring Street,2015-02-19,IRT,MM,Lex,2015,02,Feb,8,Thu,"MM1,4",2,44,,,,,No,
Station Cleaning,CHRISTOPHER STREET-SHERIDAN SQ (7BWY),Christopher Street-Sheridan Sq,2015-02-19,IRT,V,7Bwy,2015,02,Feb,8,Thu,"V1,4",2,45,,,,,No,
Station Cleaning,LAWRENCE STREET (METROTECH) (BWY),Lawrence Street,2015-02-19,BMT,B,Bwy,2015,02,Feb,8,Thu,"B1,2",2,46,,,,,No,
Station Cleaning,CANAL STREET (LEX),Canal St at Lafayette,2015-02-19,IRT,MM,Lex,2015,02,Feb,8,Thu,"MM1,4",2,52,,,,,No,
Station Cleaning,GRAND STREET (6AVE),Grand Street,2015-02-19,IND,B,6Ave,2015,02,Feb,8,Thu,"B3,4",2,60,,,,,No,
Station Cleaning,EAST BROADWAY (6AVE),East Broadway,2015-02-19,IND,B,6Ave,2015,02,Feb,8,Thu,"B1,2",2,77,,,,,No,
Station Cleaning,CANAL STREET (H TRACKS) (BWY) L.L.,Canal St at Brdwy (Lower),2015-02-19,BMT,H,Bwy,2015,02,Feb,8,Thu,"H1,H2",2,108,,,,,No,
Scraping,LORIMER STREET (CNRS),Lorimer Street,2015-02-19,BMT,Q,Cnrs,2015,02,Feb,8,Thu,Q2,,120,200,17500,17300,0,No,
Special Work,DELANCEY STREET (6AVE),Delancey Street,2015-02-20,IND,B,6Ave,2015,02,Feb,8,Fri,D1,,2,15,89500,89585,0,No,
Station Cleaning,CANAL STREET (BWY) U.L.,Canal St at Brdwy (Upper),2015-02-20,BMT,A,Bwy,2015,02,Feb,8,Fri,"B1,2",2,6,,,,,No,
Station Cleaning,CITY HALL (BWY),City Hall,2015-02-20,BMT,B,Bwy,2015,02,Feb,8,Fri,"B1,2",2,8,,,,,No,
Station Cleaning,BERGEN STREET (EPKY),Bergen Street,2015-02-20,IRT,E,Epky,2015,02,Feb,8,Fri,"E1,4",2,14,,,,,No,
Station Cleaning,EASTERN PARKWAY (EPKY),Eastern Parkway,2015-02-20,IRT,E,Epky,2015,02,Feb,8,Fri,"E1,4",2,17,,,,,No,
Special Work,TREMONT AVENUE (CONC),Tremont Avenue,2015-02-20,IND,C,Conc,2015,02,Feb,8,Fri,C1&3/4 TRACK,,17,40,152000,152040,,No,
Station Cleaning,JACKSON HEIGHTS-ROOSEVELT AVE (QNS),Jackson Heights-Roosevelt Ave,2015-02-20,IND,D,Qns,2015,02,Feb,8,Fri,D1,1,30,,,,,No,
Station Cleaning,WEST 4 STREET /WASHINGTON SQ. (8AVE),West 4 street /Washington Wq.,2015-02-20,IND,A,8Ave,2015,02,Feb,8,Fri,"A1,3",2,41,,,,,No,
Station Cleaning,DELANCEY STREET (6AVE),Delancey Street,2015-02-20,IND,B,6Ave,2015,02,Feb,8,Fri,"B1,2",2,46,,,,,No,
Station Cleaning,GRAND ARMY PLAZA (EPKY),Grand Army Plaza,2015-02-20,IRT,E,Epky,2015,02,Feb,8,Fri,"E1,4",2,46,,,,,No,
Station Cleaning,TREMONT AVENUE (CONC),Tremont Avenue,2015-02-20,IND,C,Conc,2015,02,Feb,8,Fri,"C1,2,3/4",3,80,,,,,No,
Scraping,LORIMER STREET (CNRS),Lorimer Street,2015-02-20,BMT,Q,Cnrs,2015,02,Feb,8,Fri,Q2,,108,100,17200,7300,0,No,
Special Work,JACKSON HEIGHTS-ROOSEVELT AVE (QNS),Jackson Heights-Roosevelt Ave,2015-02-20,IND,D,Qns,2015,02,Feb,8,Fri,,,130,45,140500,140455,0,No,
Station Cleaning,77 STREET (4AVE),77 Street,2015-02-21,BMT,F,4Ave,2015,02,Feb,8,Sat,"F1,2",2,3,,,,,No,
Special Work,110 STREET (LEX),110 Street,2015-02-21,IRT,L,Lex,2015,02,Feb,8,Sat,"L3,4",,4,2650,17200,19850,0,No,500
Special Work,103 STREET (LEX),103 Street,2015-02-21,IRT,L,Lex,2015,02,Feb,8,Sat,"L1,2,3,4",,5,2800,17300,18000,0,No,900
Station Cleaning,86 STREET (4AVE),86 Street,2015-02-21,BMT,F,4Ave,2015,02,Feb,8,Sat,"F1,2",2,8,,,,,No,
Station Cleaning,WINTHROP STREET (NOS),Winthrop Street,2015-02-21,IRT,D,Nos,2015,02,Feb,8,Sat,"D2,3",2,15,,,,,No,
Station Cleaning,95 STREET (BAY RIDGE) (4AVE),95-Bay Ridge,2015-02-21,BMT,F,4Ave,2015,02,Feb,8,Sat,"A1,2",2,23,,,,,No,
Station Cleaning,STERLING STREET (NOS),Sterling Street,2015-02-21,IRT,D,Nos,2015,02,Feb,8,Sat,"D2,3",2,24,,,,,No,
Station Cleaning,PRESIDENT STREET (NOS),President Street,2015-02-21,IRT,D,Nos,2015,02,Feb,8,Sat,"D2,3",2,43,,,,,No,
Station Cleaning,42 STREET/TIMES SQUARE (7BWY),42 Street/Times Square,2015-02-21,IRT,MM,7Bwy,2015,02,Feb,8,Sat,"B1,2,3",3,63,,,,,No,
Station Cleaning,HOYT SCHERMERHORN ST (XTWN),Hoyt Schermerhorn st,2015-02-21,IND,EX,Xtwn,2015,02,Feb,8,Sat,"E1,2A3,4",4,72,,,,,No,
Scraping,LORIMER STREET (CNRS),Lorimer Street,2015-02-21,BMT,Q,Cnrs,2015,02,Feb,8,Sat,Q2,,98,240,17200,17440,0,No,
Station Cleaning,PARSONS BLVD. (QNS),Parsons Blvd.,2015-02-21,IND,D,Qns,2015,02,Feb,8,Sat,"D1,2,3,4",4,103,,,,,No,
Special Work,JACKSON HEIGHTS-ROOSEVELT AVE (QNS),Jackson Heights-Roosevelt Ave,2015-02-22,IND,D,Qns,2015,02,Feb,9,Sun,D1&3,,240,90,140500,140455,9600,No,
Station Cleaning,34 STREET PENN STATION (7BWY),34 Street Penn Station,2015-02-24,IRT,MM,7Bwy,2015,02,Feb,9,Tue,V3,1,10,,,,,No,
Station Cleaning,5 AVENUE-BRYANT PARK (FLU),5 Avenue-Bryant Park,2015-02-24,IRT,C,Flu,2015,02,Feb,9,Tue,1,0,12,,,,,No,
Scraping,BOWERY STREET (JAM),Bowery Street,2015-02-24,BMT,J,Jam,2015,02,Feb,9,Tue,J3,,14,800,4500,5300,0,No,
Station Cleaning,42 STREET/TIMES SQUARE (7BWY),42 Street/Times Square,2015-02-24,IRT,MM,7Bwy,2015,02,Feb,9,Tue,B4,1,30,,,,,No,
Station Cleaning,BERGEN STREET (6AVE),Bergen Street,2015-02-24,IND,B,6Ave,2015,02,Feb,9,Tue,"B1,2",2,35,,,,,No,
Station Cleaning,BOWERY STREET (JAM),Bowery Street,2015-02-24,BMT,J,Jam,2015,02,Feb,9,Tue,"J1,2,4",3,41,,,,,No,
Station Cleaning,FRANKLIN AVENUE (EPKY),Franklin Avenue,2015-02-24,IRT,E,Epky,2015,02,Feb,9,Tue,"E1,2,3,4",4,51,,,,,No,
Station Cleaning,KINGSBRIDGE ROAD (CONC),Kingsbridge Road,2015-02-24,IND,C,Conc,2015,02,Feb,9,Tue,"C1,2,3/4",3,56,,,,,No,
Station Cleaning,42 STREET/TIMES SQUARE (BWY),42 Street/Times Square,2015-02-24,BMT,A,Bwy,2015,02,Feb,9,Tue,"2,3,4",3,61,,,,,No,
Scraping,125 STREET (8AVE),125 Street,2015-02-24,IND,A,8Ave,2015,02,Feb,9,Tue,A3,,65,205,128600,128805,0,No,
Station Cleaning,UTICA AVENUE (FUL),Utica Avenue,2015-02-24,IND,A,Ful,2015,02,Feb,9,Tue,"A1,2,3,4",4,78,,,,,No,
Station Cleaning,125 STREET (LEX),125 Street,2015-02-24,IRT,L,Lex,2015,02,Feb,9,Tue,"L3,4",2,80,,,,,No,
Station Cleaning,BROADWAY JCT. EAST NEW YORK (FUL),Broadway Jct East NY,2015-02-24,IND,A,Ful,2015,02,Feb,9,Tue,"A2,4",2,103,,,,,No,
Station Cleaning,BROADWAY-LAFAYETTE STREET (6AVE),Broadway-Lafayette Street,2015-02-24,IND,B,6Ave,2015,02,Feb,9,Tue,"B1,2,3,4",4,111,,,,,No,
Station Cleaning,JACKSON HEIGHTS-ROOSEVELT AVE (QNS),Jackson Heights-Roosevelt Ave,2015-02-24,IND,D,Qns,2015,02,Feb,9,Tue,"D3,4",2,125,,,,,No,
Scraping,86 STREET (LEX),86 Street,2015-02-25,IRT,L,Lex,2015,02,Feb,9,Wed,L2,,10,2080,12730,10650,0,No,
Station Cleaning,HOUSTON STREET (7BWY),Houston Street,2015-02-25,IRT,V,7Bwy,2015,02,Feb,9,Wed,"V1,4",2,12,,,,,No,
Station Cleaning,CANAL STREET (7BWY),Canal St at Varick St,2015-02-25,IRT,V,7Bwy,2015,02,Feb,9,Wed,"V1,4",2,14,,,,,No,
Scraping,86 STREET (LEX),86 Street,2015-02-25,IRT,L,Lex,2015,02,Feb,9,Wed,L3,,17,410,12290,12700,0,No,
Station Cleaning,BOWERY STREET (JAM),Bowery Street,2015-02-25,BMT,J,Jam,2015,02,Feb,9,Wed,J1,1,19,,,,,No,
Special Work,BOWERY STREET (JAM),Bowery Street,2015-02-25,BMT,J,Jam,2015,02,Feb,9,Wed,J1,,19,630,4450,5080,0,Yes,
Station Cleaning,FRANKLIN STREET (7BWY),Franklin Street,2015-02-25,IRT,V,7Bwy,2015,02,Feb,9,Wed,"V1,4",2,22,,,,,No,
Scraping,86 STREET (LEX),86 Street,2015-02-25,IRT,L,Lex,2015,02,Feb,9,Wed,L3,,31,600,13370,12700,0,No,
Scraping,103 STREET (LEX),103 Street,2015-02-25,IRT,L,Lex,2015,02,Feb,9,Wed,L3,,47,2700,15400,18100,0,No,
Scraping,86 STREET (4AVE),86 Street,2015-02-25,BMT,F,4Ave,2015,02,Feb,9,Wed,L3,,70,650,13380,12730,0,No,
Station Cleaning,125 STREET (LEX),125 Street,2015-02-25,IRT,L,Lex,2015,02,Feb,9,Wed,"L1,2",2,79,,,,,No,
Scraping,59 STREET (LEX),59 Street,2015-02-25,IRT,L,Lex,2015,02,Feb,9,Wed,L3,,171,650,6250,5600,,No,
Scraping,42 STREET/GRAND CENTRAL (LEX),42 Street/Grand Central,2015-02-25,IRT,L,Lex,2015,02,Feb,9,Wed,L2,,250,365,2050,2415,0,No,
Scraping,86 STREET (LEX),86 Street,2015-02-25,IRT,L,Lex,2015,02,Feb,9,Wed,L2,,400,350,21150,21500,0,No,
Special Work,42 STREET/GRAND CENTRAL (LEX),42 Street/Grand Central,2015-02-26,IRT,L,Lex,2015,02,Feb,9,Thu,,,9,115,1485,1600,0,Yes,
Station Cleaning,59 STREET (4AVE),59 Street,2015-02-26,BMT,F,4Ave,2015,02,Feb,9,Thu,"F1,2,3,4",4,22,,,,,No,
Station Cleaning,14 STREET/UNION SQ (CNRS),14 Street/Union Sq,2015-02-26,BMT,Q,Cnrs,2015,02,Feb,9,Thu,"Q1,2",2,47,,,,,No,
Scraping,86 STREET (4AVE),86 Street,2015-02-26,BMT,F,4Ave,2015,02,Feb,9,Thu,L3,,57,1650,12300,10650,0,No,
Station Cleaning,14 STREET (7BWY),14 Street,2015-02-26,IRT,V,7Bwy,2015,02,Feb,9,Thu,"V1,2,3,4",4,71,,,,,No,
Scraping,59 STREET (LEX),59 Street,2015-02-26,IRT,L,Lex,2015,02,Feb,9,Thu,L2,,171,400,5600,6000,0,No,
Scraping,103 STREET (LEX),103 Street,2015-02-26,IRT,L,Lex,2015,02,Feb,9,Thu,l2,,220,1350,18100,16750,7200,No,
Scraping,42 STREET/GRAND CENTRAL (LEX),42 Street/Grand Central,2015-02-26,IRT,L,Lex,2015,02,Feb,9,Thu,L2,,350,615,2400,3015,0,No,
Scraping,116 STREET (LEX),116 Street,2015-02-26,IRT,L,Lex,2015,02,Feb,9,Thu,L2,,400,530,21150,20620,0,No,
Station Cleaning,23 STREET (7BWY),23 Street,2015-02-27,IRT,V,7Bwy,2015,02,Feb,9,Fri,"V1,4",2,10,,,,,No,
Station Cleaning,YORK STREET (6AVE),York Street,2015-02-27,IND,B,6Ave,2015,02,Feb,9,Fri,"B1,2",2,11,,,,,No,
Station Cleaning,28 STREET (7BWY),28 Street,2015-02-27,IRT,V,7Bwy,2015,02,Feb,9,Fri,V4,1,13,,,,,No,
Station Cleaning,JAY STREET (FUL),Jay Street,2015-02-27,IND,B,Ful,2015,02,Feb,9,Fri,"B2,A4",2,28,,,,,No,
Station Cleaning,18 STREET (7BWY),18 Street,2015-02-27,IRT,V,7Bwy,2015,02,Feb,9,Fri,"V1,4",2,34,,,,,No,
Station Cleaning,137 STREET (7BWY),137 Street,2015-02-27,IRT,BB,7Bwy,2015,02,Feb,9,Fri,"BB1,4",2,80,,,,,No,
Scraping,86 STREET (LEX),86 Street,2015-02-27,IRT,L,Lex,2015,02,Feb,9,Fri,L3,,98,1238,13272,14510,0,No,
Scraping,59 STREET (LEX),59 Street,2015-02-27,IRT,L,Lex,2015,02,Feb,9,Fri,L3,,103,300,6000,6300,0,No,
Scraping,96 STREET (LEX),96 Street,2015-02-27,IRT,L,Lex,2015,02,Feb,9,Fri,L2,,228,1150,16850,15700,400,No,
Scraping,42 STREET/GRAND CENTRAL (LEX),42 Street/Grand Central,2015-02-27,IRT,L,Lex,2015,02,Feb,9,Fri,L2,,330,585,3015,3600,0,No,
Scraping,116 STREET (LEX),116 Street,2015-02-27,IRT,L,Lex,2015,02,Feb,9,Fri,L2,,400,400,21500,21900,0,No,
Station Cleaning,BEVERLY ROAD (NOS),Beverly Road,2015-02-28,IRT,D,Nos,2015,02,Feb,9,Sat,"D3,4",2,8,,,,,No,
Station Cleaning,238 STREET (7BWY),238 Street,2015-02-28,IRT,BB,7Bwy,2015,02,Feb,9,Sat,"BB1,.2",2,8,,,,,No,
Station Cleaning,MAIN STREET (FLU),Main Street,2015-02-28,IRT,C,Flu,2015,02,Feb,9,Sat,"C1,2,M",3,8,,,,,No,
Station Cleaning,NEWKIRK AVENUE (NOS),Newkirk Avenue,2015-02-28,IRT,D,Nos,2015,02,Feb,9,Sat,"D2,3",2,19,,,,,No,
Scraping,JAY STREET (FUL),Jay Street,2015-02-28,IND,B,Ful,2015,02,Feb,9,Sat,B1,,20,25,77800,77825,0,No,
Station Cleaning,CHURCH AVENUE (NOS),Church Avenue,2015-02-28,IRT,D,Nos,2015,02,Feb,9,Sat,"D2,3",2,43,,,,,No,
Station Cleaning,HUNTS POINT AVENUE (PEL),Hunts Point Avenue,2015-02-28,IRT,P,Pel,2015,02,Feb,9,Sat,"P3,PM",2,57,,,,,No,
Station Cleaning,103 STREET (7BWY),103 Street,2015-02-28,IRT,BB,7Bwy,2015,02,Feb,9,Sat,"B1,4",2,75,,,,,No,
Station Cleaning,SUTPHIN BLVD/ARCHER (ARCH) U.L.,Sutphin Blvd/Archer U.L.,2015-02-28,IND,DA,Arch,2015,02,Feb,9,Sat,D1A D2A,2,87,,,,,No,
Scraping,JAY STREET (FUL),Jay Street,2015-02-28,IND,B,Ful,2015,02,Feb,9,Sat,B1,,100,40,77785,77825,0,No,
Station Cleaning,36 STREET (QNS),36 Street,2015-02-28,IND,D,Qns,2015,02,Feb,9,Sat,"D1,2",2,110,,,,,No,
Station Cleaning,169 STREET (QNS),169 Street,2015-02-28,IND,D,Qns,2015,02,Feb,9,Sat,"D1,2",2,110,,,,,No,
Station Cleaning,145 STREET (CONC),145 Street,2015-02-28,IND,C,Conc,2015,02,Feb,9,Sat,"C1,2,3/4",3,125,,,,,No,
Station Cleaning,42 STREET/TIMES SQUARE 7 (FLU),42 Street/Times Square 7,2015-03-03,IRT,C,Flu,2015,03,Mar,10,Tue,"C1,C2",2,11,,,,,No,
Station Cleaning,ATLANTIC AVENUE (EPKY),Atlantic Avenue,2015-03-03,IRT,E,Epky,2015,03,Mar,10,Tue,3E4,2,18,,,,,No,
Special Work,96 STREET (7BWY),96 Street,2015-03-03,IRT,B,7Bwy,2015,03,Mar,10,Tue,TRK1&2,,30,60,33500,33560,0,No,
Station Cleaning,3 AVENUE (CNRS),3 Avenue,2015-03-03,BMT,Q,Cnrs,2015,03,Mar,10,Tue,"Q1,2",2,52,,,,,No,
Station Cleaning,50 STREET (8AVE) LL,50 Street,2015-03-03,IND,A,8Ave,2015,03,Mar,10,Tue,D4,1,53,,,,,No,
Special Work,ATLANTIC AVENUE (BRT),Atlantic Avenue,2015-03-03,BMT,A,Brt,2015,03,Mar,10,Tue,"2,3",,58,100,15950,15850,0,Yes,
Station Cleaning,42 STREET/GRAND CENTRAL 7 (FLU),42 Street/Grand Central 7,2015-03-03,IRT,C,Flu,2015,03,Mar,10,Tue,"C1,C2",2,68,,,,,No,
Station Cleaning,5 AVENUE-BRYANT PARK (FLU),5 Avenue-Bryant Park,2015-03-03,IRT,C,Flu,2015,03,Mar,10,Tue,"C1,C2",2,78,,,,,No,
Scraping,JAY STREET (FUL),Jay Street,2015-03-03,IND,B,Ful,2015,03,Mar,10,Tue,B1,,96,250,78000,77750,0,No,
Station Cleaning,VERNON BLVD.-JACKSON AVENUE (FLU),Vernon Blvd.-Jackson Avenue,2015-03-03,IRT,C,Flu,2015,03,Mar,10,Tue,"C1,C2",2,150,,,,,No,
Station Cleaning,ATLANTIC AVENUE (EPKY),Atlantic Avenue,2015-03-04,IRT,E,Epky,2015,03,Mar,10,Wed,"E1,E2",2,17,,,,,No,
Station Cleaning,JAY STREET (FUL),Jay Street,2015-03-04,IND,B,Ful,2015,03,Mar,10,Wed,"A3,B1",2,27,,,,,No,
Station Cleaning,SUTPHIN BLVD/ARCHER (JAM) L.L.,Sutphin Blvd/Archer L.L.,2015-03-04,BMT,J,Jam,2015,03,Mar,10,Wed,"J1,J2",2,47,,,,,No,
Scraping,BROOKLYN BRIDGE (CITY HALL) (LEX),Brooklyn Bridge,2015-03-04,IRT,M,Lex,2015,03,Mar,10,Wed,M1,,47,1350,0,1350,0,No,
Station Cleaning,HUNTERS POINT AVENUE (FLU),Hunters Point Avenue,2015-03-04,IRT,C,Flu,2015,03,Mar,10,Wed,"C1,C2",2,49,,,,,No,
Station Cleaning,8 AVENUE (CNRS),8 Avenue,2015-03-04,BMT,Q,Cnrs,2015,03,Mar,10,Wed,"Q1,Q2",2,62,,,,,No,
Scraping,JAY STREET (FUL),Jay Street,2015-03-04,IND,B,Ful,2015,03,Mar,10,Wed,B1,,75,230,77760,77530,0,No,
Station Cleaning,50 STREET (8AVE) LL,50 Street,2015-03-04,IND,A,8Ave,2015,03,Mar,10,Wed,D3A1,2,120,,,,,No,
Scraping,155 STREET (8AVE),155 Street,2015-03-04,IND,A,8Ave,2015,03,Mar,10,Wed,A1,,300,320,137850,137530,0,No,
Station Cleaning,CHAMBERS STREET (JAM),Chambers St at Centre St.,2015-03-05,BMT,J,Jam,2015,03,Mar,10,Thu,"J1,2,3,4",4,20,,,,,No,
Station Cleaning,BROOKLYN BRIDGE (CITY HALL) (LEX),Brooklyn Bridge,2015-03-05,IRT,M,Lex,2015,03,Mar,10,Thu,"MM1,2,3,4",4,29,,,,,No,
Station Cleaning,FLATBUSH AVE-BROOKLYN COLLEGE (NOS),Flatbush Ave,2015-03-05,IRT,D,Nos,2015,03,Mar,10,Thu,"D2,3",2,54,,,,,No,
Station Cleaning,SUTPHIN BLVD (QNS),Sutphin Blvd,2015-03-05,IND,D,Qns,2015,03,Mar,10,Thu,"D1,2",2,55,,,,,No,
Scraping,JAY STREET (FUL),Jay Street,2015-03-05,IND,B,Ful,2015,03,Mar,10,Thu,B1,,78,230,77530,77300,0,No,
Station Cleaning,STEINWAY STREET (QNS),Steinway Street,2015-03-05,IND,D,Qns,2015,03,Mar,10,Thu,"D1,D2",2,83,,,,,No,
Station Cleaning,PARSONS/ARCHER (ARCH) U.L.,Parsons/Archer U.L.,2015-03-05,IND,DA,Arch,2015,03,Mar,10,Thu,"DA1,DA2",2,83,,,,,No,
Station Cleaning,96 STREET (7BWY),96 Street,2015-03-05,IRT,B,7Bwy,2015,03,Mar,10,Thu,"B2,3",2,180,,,,,No,
Special Work,125 STREET (8AVE),125 Street,2015-03-06,IND,A,8Ave,2015,03,Mar,10,Fri,"A2,4",,92,210,129400,129505,100,No,
Station Cleaning,96 STREET (7BWY),96 Street,2015-03-06,IRT,B,7Bwy,2015,03,Mar,10,Fri,"B1,4",2,101,,,,,No,
Station Cleaning,86 STREET (7BWY),86 Street,2015-03-06,IRT,B,7Bwy,2015,03,Mar,10,Fri,"B1,4",2,104,,,,,No,
Station Cleaning,8 AVENUE (CNRS),8 Avenue,2015-03-07,BMT,Q,Cnrs,2015,03,Mar,10,Sat,"B1,2",2,32,,,,,No,
Station Cleaning,PARSONS BLVD. (QNS),Parsons Blvd.,2015-03-07,IND,D,Qns,2015,03,Mar,10,Sat,J1,1,38,,,,,No,
Station Cleaning,1 AVE (CNRS),1 Ave,2015-03-07,BMT,Q,Cnrs,2015,03,Mar,10,Sat,Q2,1,48,,,,,No,
Station Cleaning,116 STREET (8AVE),116 Street,2015-03-07,IND,A,8Ave,2015,03,Mar,10,Sat,"A1,2",2,54,,,,,No,
Scraping,JAY STREET (8AV),Jay Street,2015-03-07,IND,A,8Ave,2015,03,Mar,10,Sat,B1,,55,215,77200,76985,0,No,
Station Cleaning,65 STREET (QNS),65 Street,2015-03-07,IND,D,Qns,2015,03,Mar,10,Sat,"D1,2",2,58,,,,,No,
Station Cleaning,125 STREET (8AVE),125 Street,2015-03-07,IND,A,8Ave,2015,03,Mar,10,Sat,"A1,2,3,4",4,70,,,,,No,
Station Cleaning,72 STREET (7BWY),72 Street,2015-03-07,IRT,B,7Bwy,2015,03,Mar,10,Sat,"BB1,2,3,4",4,94,,,,,No,
Station Cleaning,110TH ST(CENTRAL PARK W) (8AVE),110th Street,2015-03-07,IND,A,8Ave,2015,03,Mar,10,Sat,"A1,2",2,121,,,,,No,
Special Work,50 STREET (7BWY),50 Street,2015-03-08,IRT,B,7Bwy,2015,03,Mar,11,Sun,B4,,18,80,20365,,400,No,
Special Work,50 STREET (7BWY),50 Street,2015-03-08,IRT,B,7Bwy,2015,03,Mar,11,Sun,B1,,30,200,22715,,900,No,
Scraping,34 STREET/HERALD SQ (6AVE),34 Street/Herald Sq,2015-03-08,IND,B,6Ave,2015,03,Mar,11,Sun,B3,,170,800,102600,101800,0,No,
Scraping,34 STREET/HERALD SQ (6AVE),34 Street/Herald Sq,2015-03-08,IND,B,6Ave,2015,03,Mar,11,Sun,B4,,350,570,102570,102000,0,No,
Special Work,77 STREET (LEX),77 Street,2015-03-10,IRT,L,Lex,2015,03,Mar,11,Tue,L4,,2,300,9510,,100,No,
Scraping,116 STREET (LEX),116 Street,2015-03-10,IRT,L,Lex,2015,03,Mar,11,Tue,L1,,15,85,20515,20600,0,No,
Scraping,68 STREET-HUNTER COLLEGE (LEX),68 Street-Hunter College,2015-03-10,IRT,L,Lex,2015,03,Mar,11,Tue,L4,,20,20,7990,8010,200,No,
Special Work,BROADWAY-LAFAYETTE STREET (6AVE),Broadway-Lafayette Street,2015-03-10,IND,B,6Ave,2015,03,Mar,11,Tue,"B2,4",,20,60,92900,92905,0,Yes,
Scraping,103 STREET (LEX),103 Street,2015-03-10,IRT,L,Lex,2015,03,Mar,11,Tue,L1,,89,400,17650,17250,0,No,
Scraping,110 STREET (LEX),110 Street,2015-03-10,IRT,L,Lex,2015,03,Mar,11,Tue,L4,,124,300,19500,19200,0,No,
Scraping,59 STREET (LEX),59 Street,2015-03-10,IRT,L,Lex,2015,03,Mar,11,Tue,L4,,125,320,5680,6000,0,No,
Scraping,68 STREET-HUNTER COLLEGE (LEX),68 Street-Hunter College,2015-03-10,IRT,L,Lex,2015,03,Mar,11,Tue,L4,,128,290,7990,8280,0,No,
Scraping,96 STREET (7BWY),96 Street,2015-03-10,IRT,B,7Bwy,2015,03,Mar,11,Tue,L4,,133,260,15700,15960,0,No,
Scraping,51 STREET (LEX),51 Street,2015-03-10,IRT,L,Lex,2015,03,Mar,11,Tue,L1,,140,300,4000,3700,0,No,
Scraping,77 STREET (LEX),77 Street,2015-03-10,IRT,L,Lex,2015,03,Mar,11,Tue,L1,,144,625,10300,10925,0,No,
Scraping,86 STREET (LEX),86 Street,2015-03-10,IRT,L,Lex,2015,03,Mar,11,Tue,L4,,200,407,12745,13152,500,No,
Scraping,110 STREET (LEX),110 Street,2015-03-10,IRT,L,Lex,2015,03,Mar,11,Tue,L4,,200,255,20965,20710,500,No,
Scraping,86 STREET (LEX),86 Street,2015-03-11,IRT,L,Lex,2015,03,Mar,11,Wed,L1,,70,200,13300,13100,700,No,
Scraping,86 STREET (LEX),86 Street,2015-03-11,IRT,L,Lex,2015,03,Mar,11,Wed,L4,,80,150,13150,13300,0,No,
Station Cleaning,14 STREET (6AVE),14 Street,2015-03-11,IND,B,6Ave,2015,03,Mar,11,Wed,"B1,2",2,83,,,,,No,
Scraping,110 STREET (LEX),110 Street,2015-03-11,IRT,L,Lex,2015,03,Mar,11,Wed,L4,,88,300,19500,19800,0,No,
Scraping,59 STREET (LEX),59 Street,2015-03-11,IRT,L,Lex,2015,03,Mar,11,Wed,L4,,88,310,6000,6310,0,No,
Station Cleaning,149 STREET GRAND CONC UL (JER),149 street-Grand Conc UL,2015-03-11,IRT,J,Jer,2015,03,Mar,11,Wed,"J1,2,M",3,96,,,,,No,
Scraping,68 STREET-HUNTER COLLEGE (LEX),68 Street-Hunter College,2015-03-11,IRT,L,Lex,2015,03,Mar,11,Wed,L4,,97,310,8280,8590,0,No,
Scraping,103 STREET (LEX),103 Street,2015-03-11,IRT,L,Lex,2015,03,Mar,11,Wed,L1,,110,400,17650,18050,0,No,
Scraping,77 STREET (LEX),77 Street,2015-03-11,IRT,L,Lex,2015,03,Mar,11,Wed,L4,,164,700,10300,11000,0,No,
Scraping,96 STREET (LEX),96 Street,2015-03-11,IRT,L,Lex,2015,03,Mar,11,Wed,L4,,218,550,15150,15700,100,No,
Scraping,51 STREET (LEX),51 Street,2015-03-11,IRT,L,Lex,2015,03,Mar,11,Wed,L1,,225,350,3700,3350,300,No,
Scraping,116 STREET (LEX),116 Street,2015-03-11,IRT,L,Lex,2015,03,Mar,11,Wed,L4,,450,345,21375,21030,1500,No,
Special Work,14 STREET (6AVE),14 Street,2015-03-12,IND,B,6Ave,2015,03,Mar,11,Thu,B1,,8,20,99000,99020,50,Yes,
Special Work,14 STREET (6AVE),14 Street,2015-03-12,IND,B,6Ave,2015,03,Mar,11,Thu,B2,,10,10,99050,99040,50,No,
Special Work,50 STREET (8AVE) LL,50 Street,2015-03-12,IND,A,8Ave,2015,03,Mar,11,Thu,D4,,20,200,109900,110100,0,Yes,
Special Work,50 STREET (7BWY),50 Street,2015-03-12,IRT,B,7Bwy,2015,03,Mar,11,Thu,,,40,50,109800,109850,0,No,
Scraping,116 STREET (LEX),116 Street,2015-03-12,IRT,L,Lex,2015,03,Mar,11,Thu,L4,,75,65,20965,21030,0,No,
Scraping,68 STREET-HUNTER COLLEGE (LEX),68 Street-Hunter College,2015-03-12,IRT,L,Lex,2015,03,Mar,11,Thu,L4,,87,410,7975,8385,500,No,
Scraping,110 STREET (LEX),110 Street,2015-03-12,IRT,L,Lex,2015,03,Mar,11,Thu,L1,,88,300,19200,19500,0,No,
Scraping,59 STREET (LEX),59 Street,2015-03-12,IRT,L,Lex,2015,03,Mar,11,Thu,L1,,116,410,6310,5900,0,No,
Scraping,103 STREET (LEX),103 Street,2015-03-12,IRT,L,Lex,2015,03,Mar,11,Thu,L4,,120,375,18050,17675,200,No,
Scraping,51 STREET (LEX),51 Street,2015-03-12,IRT,L,Lex,2015,03,Mar,11,Thu,L4,,120,330,3700,4030,0,No,
Scraping,77 STREET (LEX),77 Street,2015-03-12,IRT,L,Lex,2015,03,Mar,11,Thu,L4,,130,300,11000,11300,0,No,
Scraping,96 STREET (LEX),96 Street,2015-03-12,IRT,L,Lex,2015,03,Mar,11,Thu,L1,,165,365,15585,15950,400,No,
Scraping,116 STREET (8AVE),116 Street,2015-03-12,IND,A,8Ave,2015,03,Mar,11,Thu,L1,,225,280,21030,20750,0,No,
Scraping,77 STREET (LEX),77 Street,2015-03-12,IRT,L,Lex,2015,03,Mar,11,Thu,L1,,350,225,11850,11625,0,No,
Scraping,68 STREET-HUNTER COLLEGE (LEX),68 Street-Hunter College,2015-03-13,IRT,L,Lex,2015,03,Mar,11,Fri,L1,,15,20,8580,8600,250,No,
Scraping,42 STREET/GRAND CENTRAL 7 (FLU),42 Street/Grand Central 7,2015-03-13,IRT,C,Flu,2015,03,Mar,11,Fri,C1,,60,100,7400,7500,0,No,
Scraping,68 STREET-HUNTER COLLEGE (LEX),68 Street-Hunter College,2015-03-13,IRT,L,Lex,2015,03,Mar,11,Fri,L1,,80,305,8325,8630,0,No,
Scraping,59 STREET (4AVE),59 Street,2015-03-13,BMT,F,4Ave,2015,03,Mar,11,Fri,L1,,97,730,6310,5580,0,No,
Scraping,110 STREET (LEX),110 Street,2015-03-13,IRT,L,Lex,2015,03,Mar,11,Fri,L1,,115,300,19500,19800,2500,No,
Scraping,51 STREET (LEX),51 Street,2015-03-13,IRT,L,Lex,2015,03,Mar,11,Fri,L4,,120,300,3700,3400,0,No,
Scraping,96 STREET (LEX),96 Street,2015-03-13,IRT,L,Lex,2015,03,Mar,11,Fri,L1,,123,2885,15300,15585,0,No,
Scraping,103 STREET (LEX),103 Street,2015-03-13,IRT,L,Lex,2015,03,Mar,11,Fri,L4,,204,450,17650,17200,400,No,
Scraping,86 STREET (4AVE),86 Street,2015-03-13,BMT,F,4Ave,2015,03,Mar,11,Fri,L4,,250,340,12650,12310,900,No,
Scraping,77 STREET (LEX),77 Street,2015-03-13,IRT,L,Lex,2015,03,Mar,11,Fri,L4,,365,500,11000,11500,0,No,
Station Cleaning,EAST 143 STREET (PEL),East 143 Street,2015-03-14,IRT,P,Pel,2015,03,Mar,11,Sat,P2,1,17,,,,,No,
Station Cleaning,8 STREET (NYU) (BWY),8 Street,2015-03-14,BMT,A,Bwy,2015,03,Mar,11,Sat,"A1,2",2,25,,,,,No,
Station Cleaning,PARSONS/ARCHER (JAM) L.L.,Parsons/Archer L.L.,2015-03-14,BMT,J,Jam,2015,03,Mar,11,Sat,J2,1,38,,,,,No,
Station Cleaning,7 AVENUE (BKLYN) (6AVE),7 Avenue,2015-03-14,IND,B,6Ave,2015,03,Mar,11,Sat,"B1,2,3,4",4,45,,,,,No,
Station Cleaning,UTICA AVENUE-CROWN HEIGHTS (EPKY),Utica Avenue-Crown Heights,2015-03-14,IRT,E,Epky,2015,03,Mar,11,Sat,"E3,4",2,47,,,,,No,
Station Cleaning,HUNTS POINT AVENUE (PEL),Hunts Point Avenue,2015-03-14,IRT,P,Pel,2015,03,Mar,11,Sat,P2,1,51,,,,,No,
Station Cleaning,14 STREET/UNION SQ  (BWY),14 Street/Union Sq,2015-03-14,BMT,A,Bwy,2015,03,Mar,11,Sat,"A1,2,3,4",4,70,,,,,No,
Station Cleaning,79 STREET (7BWY),79 Street,2015-03-14,IRT,B,7Bwy,2015,03,Mar,11,Sat,"B1,4",2,70,,,,,No,
Station Cleaning,WOODHAVEN BLVD. (QUEENS MALL) (QNS),Woodhaven Blvd.,2015-03-14,IND,D,Qns,2015,03,Mar,11,Sat,"D1,2",2,96,,,,,No,
Station Cleaning,34 STREET PENN STATION (7BWY),34 Street Penn Station,2015-03-14,IRT,MM,7Bwy,2015,03,Mar,11,Sat,"V1,2,,3,4",4,120,,,,,No,
Scraping,34 STREET/HERALD SQ (6AVE),34 Street/Herald Sq,2015-03-14,IND,B,6Ave,2015,03,Mar,11,Sat,B3,,225,615,101615,101000,0,No,
Station Cleaning,238 STREET (7BWY),238 Street,2015-03-15,IRT,BB,7Bwy,2015,03,Mar,12,Sun,"BB1,BB4.M",3,6,,,,,No,
Station Cleaning,238 STREET (7BWY),238 Street,2015-03-15,IRT,BB,7Bwy,2015,03,Mar,12,Sun,"BB1,2",2,6,,,,,No,
Station Cleaning,MAIN STREET (FLU),Main Street,2015-03-15,IRT,C,Flu,2015,03,Mar,12,Sun,"C1,2,M",3,8,,,,,No,
Station Cleaning,MAIN STREET (FLU),Main Street,2015-03-15,IRT,C,Flu,2015,03,Mar,12,Sun,"C1,C2,M",3,8,,,,,No,
Scraping,34 STREET/HERALD SQ (6AVE),34 Street/Herald Sq,2015-03-15,IND,B,6Ave,2015,03,Mar,12,Sun,B4,,20,150,101250,101100,0,No,
Scraping,42 STREET/GRAND CENTRAL 7 (FLU),42 Street/Grand Central 7,2015-03-15,IRT,C,Flu,2015,03,Mar,12,Sun,C1,,125,150,5750,5900,0,No,
Scraping,34 STREET/HERALD SQ (6AVE),34 Street/Herald Sq,2015-03-15,IND,B,6Ave,2015,03,Mar,12,Sun,B3,,300,200,101600,101400,0,No,
Special Work,DELANCEY STREET (6AVE),Delancey Street,2015-03-16,IND,B,6Ave,2015,03,Mar,12,Mon,B1,,20,40,87300,,0,Yes,
Station Cleaning,EAST BROADWAY (6AVE),East Broadway,2015-03-16,IND,B,6Ave,2015,03,Mar,12,Mon,"B1,2",2,150,,,,,No,
Scraping,135 STREET (LWP),135 Street,2015-03-17,IRT,F,LWP,2015,03,Mar,12,Tue,F2,,75,250,13150,13400,3800,No,
Scraping,JAY STREET (FUL),Jay Street,2015-03-17,IND,B,Ful,2015,03,Mar,12,Tue,B1,,80,180,76890,76710,0,No,
Scraping,96 STREET (7BWY),96 Street,2015-03-17,IRT,B,7Bwy,2015,03,Mar,12,Tue,TRK 3,,155,550,1600,2150,350,No,
Scraping,116 STREET (LWP),116 Street,2015-03-17,IRT,F,LWP,2015,03,Mar,12,Tue,TK2,,175,400,8350,7950,400,No,
Scraping,125 STREET (7BWY),125 Street,2015-03-17,IRT,BB,7Bwy,2015,03,Mar,12,Tue,TRK 3,,180,400,11050,10450,0,No,
Scraping,116 STREET (LWP),116 Street,2015-03-17,IRT,F,LWP,2015,03,Mar,12,Tue,F2,,185,305,7105,6800,0,No,
Scraping,135 STREET (LWP),135 Street,2015-03-17,IRT,F,LWP,2015,03,Mar,12,Tue,F3,,206,345,13380,13725,0,No,
Scraping,135 STREET (LWP),135 Street,2015-03-17,IRT,F,LWP,2015,03,Mar,12,Tue,T2,,220,520,13380,13900,600,No,
Scraping,149 STREET (3 AVENUE) (LWP),149 Street-3rd Ave,2015-03-17,IRT,F,LWP,2015,03,Mar,12,Tue,TK2,,220,750,20350,21100,600,No,
Scraping,145 STREET (LWP),145 Street,2015-03-17,IRT,F,LWP,2015,03,Mar,12,Tue,TRK 1,,250,215,15485,15700,500,No,
Scraping,110 STREET-CENTRAL PARK NORTH (LWP),110 Street-Central Park North,2015-03-17,IRT,F,LWP,2015,03,Mar,12,Tue,F2,,330,275,6530,6255,2000,No,
Scraping,110 STREET-CENTRAL PARK NORTH (LWP),110 Street-Central Park North,2015-03-17,IRT,F,LWP,2015,03,Mar,12,Tue,F3,,,195,6595,6400,1800,No,
Station Cleaning,CRESCENT STREET (JAM),Crescent Street,2015-03-18,BMT,J,Jam,2015,03,Mar,12,Wed,"J1,2",2,7,,,,,No,
Station Cleaning,CYPRESS HILLS (JAM),Cypress Hills,2015-03-18,BMT,J,Jam,2015,03,Mar,12,Wed,"J1,2",2,7,,,,,No,
Scraping,110 STREET-CENTRAL PARK NORTH (LWP),110 Street-Central Park North,2015-03-18,IRT,F,LWP,2015,03,Mar,12,Wed,TRK 3,,50,100,6300,6400,0,No,
Scraping,96 STREET (7BWY),96 Street,2015-03-18,IRT,B,7Bwy,2015,03,Mar,12,Wed,F3,,116,575,2150,2725,0,No,
Scraping,135 STREET (LWP),135 Street,2015-03-18,IRT,F,LWP,2015,03,Mar,12,Wed,F3,,119,785,13725,14510,500,No,
Scraping,110 STREET-CENTRAL PARK NORTH (LWP),110 Street-Central Park North,2015-03-18,IRT,F,LWP,2015,03,Mar,12,Wed,F2,,142,405,6255,5850,1000,No,
Scraping,125 STREET (LWP),125 Street,2015-03-18,IRT,F,LWP,2015,03,Mar,12,Wed,F3,,148,375,10450,10825,0,No,
Scraping,110 STREET-CENTRAL PARK NORTH (LWP),110 Street-Central Park North,2015-03-18,IRT,F,LWP,2015,03,Mar,12,Wed,L2,,150,400,6800,6400,0,No,
Scraping,135 STREET (LWP),135 Street,2015-03-18,IRT,F,LWP,2015,03,Mar,12,Wed,F2,,162,350,12500,12850,0,No,
Scraping,116 STREET (LWP),116 Street,2015-03-18,IRT,F,LWP,2015,03,Mar,12,Wed,L2,,180,320,8000,7680,400,No,
Scraping,149 STREET (3 AVENUE) (LWP),149 Street-3rd Ave,2015-03-18,IRT,F,LWP,2015,03,Mar,12,Wed,TRK 2,,191,2500,17800,20300,0,No,
Scraping,135 STREET (LWP),135 Street,2015-03-18,IRT,F,LWP,2015,03,Mar,12,Wed,TRK 2,,240,550,13900,14450,500,No,
Scraping,145 STREET (LWP),145 Street,2015-03-18,IRT,F,LWP,2015,03,Mar,12,Wed,TRK 1,,300,210,15700,159010,500,No,
Scraping,110 STREET-CENTRAL PARK NORTH (LWP),110 Street-Central Park North,2015-03-19,IRT,F,LWP,2015,03,Mar,12,Thu,F3,,30,600,45700,6300,500,No,
Scraping,135 STREET (LWP),135 Street,2015-03-19,IRT,F,LWP,2015,03,Mar,12,Thu,F3,,97,150,12800,12950,1500,No,
Scraping,116 STREET (LWP),116 Street,2015-03-19,IRT,F,LWP,2015,03,Mar,12,Thu,F3,,105,365,7685,8050,0,No,
Scraping,125 STREET (LWP),125 Street,2015-03-19,IRT,F,LWP,2015,03,Mar,12,Thu,F2,,120,400,10850,10450,0,No,
Scraping,110 STREET-CENTRAL PARK NORTH (LWP),110 Street-Central Park North,2015-03-19,IRT,F,LWP,2015,03,Mar,12,Thu,F2,,126,300,5650,5350,0,No,
Scraping,110 STREET-CENTRAL PARK NORTH (LWP),110 Street-Central Park North,2015-03-19,IRT,F,LWP,2015,03,Mar,12,Thu,`F3,,150,410,7110,6700,200,No,
Scraping,96 STREET (7BWY),96 Street,2015-03-19,IRT,B,7Bwy,2015,03,Mar,12,Thu,F3,,210,655,2725,3380,1800,No,
Scraping,110 STREET-CENTRAL PARK NORTH (LWP),110 Street-Central Park North,2015-03-19,IRT,F,LWP,2015,03,Mar,12,Thu,F2,,215,995,5350,6345,600,No,
Scraping,149 STREET GRAND CONC LL (LWP),149 street-Grand Conc LL,2015-03-19,IRT,F,LWP,2015,03,Mar,12,Thu,L3,,240,630,17700,18300,0,No,
Scraping,149 STREET GRAND CONC LL (LWP),149 street-Grand Conc LL,2015-03-19,IRT,F,LWP,2015,03,Mar,12,Thu,F2,,250,700,17700,18400,600,No,
Scraping,145 STREET (LWP),145 Street,2015-03-19,IRT,F,LWP,2015,03,Mar,12,Thu,F4,,300,170,15740,15910,500,No,
Scraping,149 STREET GRAND CONC LL (LWP),149 street-Grand Conc LL,2015-03-20,IRT,F,LWP,2015,03,Mar,12,Fri,F2,,10,630,18350,17720,0,No,
Scraping,149 STREET GRAND CONC LL (LWP),149 street-Grand Conc LL,2015-03-20,IRT,F,LWP,2015,03,Mar,12,Fri,F3,,10,370,18050,17680,0,No,
Station Cleaning,PROSPECT AVENUE (4AVE),Prospect Avenue,2015-03-20,BMT,F,4Ave,2015,03,Mar,12,Fri,"F1,2",2,15,,,,,No,
Scraping,110 STREET-CENTRAL PARK NORTH (LWP),110 Street-Central Park North,2015-03-20,IRT,F,LWP,2015,03,Mar,12,Fri,F3,,30,200,5300,5500,400,No,
Station Cleaning,25 STREET (4AVE),25 Street,2015-03-20,BMT,F,4Ave,2015,03,Mar,12,Fri,"F1,2",2,43,,,,,No,
Scraping,125 STREET (LWP),125 Street,2015-03-20,IRT,F,LWP,2015,03,Mar,12,Fri,F2,,80,400,10450,10050,0,No,
Scraping,110 STREET-CENTRAL PARK NORTH (LWP),110 Street-Central Park North,2015-03-20,IRT,F,LWP,2015,03,Mar,12,Fri,F2,,82,105,5910,5805,800,No,
Scraping,110 STREET-CENTRAL PARK NORTH (LWP),110 Street-Central Park North,2015-03-20,IRT,F,LWP,2015,03,Mar,12,Fri,F2,,100,200,7100,7300,0,No,
Scraping,110 STREET-CENTRAL PARK NORTH (LWP),110 Street-Central Park North,2015-03-20,IRT,F,LWP,2015,03,Mar,12,Fri,F2,,108,150,5350,5200,,No,
Scraping,135 STREET (8AVE),135 Street,2015-03-20,IND,A,8Ave,2015,03,Mar,12,Fri,F3,,113,400,14500,14000,600,No,
Scraping,116 STREET (LWP),116 Street,2015-03-20,IRT,F,LWP,2015,03,Mar,12,Fri,F3,,125,355,8050,8405,0,No,
Scraping,148 STREET (LWP),148 Street,2015-03-20,IRT,F,LWP,2015,03,Mar,12,Fri,"F1,4",,135,1400,16950,17650,0,No,
Scraping,135 STREET (LWP),135 Street,2015-03-20,IRT,F,LWP,2015,03,Mar,12,Fri,F3,,145,200,12900,13100,1300,No,
Scraping,149 STREET GRAND CONC LL (LWP),149 street-Grand Conc LL,2015-03-20,IRT,F,LWP,2015,03,Mar,12,Fri,A1&F2,,300,110,30000,30110,300,No,
Scraping,110 STREET-CENTRAL PARK NORTH (LWP),110 Street-Central Park North,2015-03-20,IRT,F,LWP,2015,03,Mar,12,Fri,F3,,325,300,6800,6500,300,No,
Special Work,ATLANTIC AVENUE (EPKY),Atlantic Avenue,2015-03-21,IRT,E,Epky,2015,03,Mar,12,Sat,"E3,4",,5,30,16000,16030,0,Yes,
Special Work,BROADWAY-LAFAYETTE STREET (6AVE),Broadway-Lafayette Street,2015-03-21,IND,B,6Ave,2015,03,Mar,12,Sat,"B2,4",,7,50,92900,92950,0,Yes,
Station Cleaning,MYRTLE AVENUE (JAM),Myrtle Avenue,2015-03-21,BMT,J,Jam,2015,03,Mar,12,Sat,J 3/4,2,18,,,,,No,
Special Work,BOWERY STREET (JAM),Bowery Street,2015-03-21,BMT,J,Jam,2015,03,Mar,12,Sat,J1,,19,30,4600,4570,100,Yes,
Station Cleaning,BERGEN STREET (EPKY),Bergen Street,2015-03-21,IRT,E,Epky,2015,03,Mar,12,Sat,E1,1,20,,,,,No,
Station Cleaning,9 STREET (4AVE),9 Street,2015-03-21,BMT,F,4Ave,2015,03,Mar,12,Sat,"F1,2",2,24,,,,,No,
Station Cleaning,UNION STREET (4AVE),Union Street,2015-03-21,BMT,F,4Ave,2015,03,Mar,12,Sat,"F1,2",2,35,,,,,No,
Station Cleaning,ATLANTIC AVENUE (EPKY),Atlantic Avenue,2015-03-21,IRT,E,Epky,2015,03,Mar,12,Sat,"E3,4",2,35,,,,,No,
Special Work,CHAMBERS STREET (JAM),Chambers St at Centre St.,2015-03-21,BMT,J,Jam,2015,03,Mar,12,Sat,J1,,40,1925,1075,3000,1000,No,
Station Cleaning,CHAMBERS STREET -WTC (8AVE),Chambers St WTC,2015-03-21,IND,A,8Ave,2015,03,Mar,12,Sat,"A1,2",2,110,,,,,No,
Station Cleaning,63 DRIVE (REGO PARK) (QNS),63 Drive,2015-03-21,IND,D,Qns,2015,03,Mar,12,Sat,"D1,2",2,133,,,,,No,
Scraping,34 STREET/HERALD SQ (6AVE),34 Street/Herald Sq,2015-03-21,IND,B,6Ave,2015,03,Mar,12,Sat,B3,,350,500,100500,100000,0,No,
Special Work,DEKALB AVENUE (4AVE),Dekalb Avenue,2015-03-22,BMT,F,4Ave,2015,03,Mar,13,Sun,"BTWN A4,B2",,21,110,36740,38650,0,No,
Special Work,DEKALB AVENUE (4AVE),Dekalb Avenue,2015-03-22,BMT,F,4Ave,2015,03,Mar,13,Sun,BtwnB1&B3,,32,110,36740,36850,0,No,
Special Work,DEKALB AVENUE (4AVE),Dekalb Avenue,2015-03-22,BMT,F,4Ave,2015,03,Mar,13,Sun,A3,,101,200,30250,30450,0,No,
Special Work,DEKALB AVENUE (4AVE),Dekalb Avenue,2015-03-22,BMT,F,4Ave,2015,03,Mar,13,Sun,A4,,130,120,30460,30340,0,No,
Scraping,34 STREET/HERALD SQ (6AVE),34 Street/Herald Sq,2015-03-22,IND,B,6Ave,2015,03,Mar,13,Sun,B3,,1000,1100,99400,98300,0,No,
Scraping,34 STREET/HERALD SQ (6AVE),34 Street/Herald Sq,2015-03-22,IND,B,6Ave,2015,03,Mar,13,Sun,B4,,1500,1600,98300,99900,0,No,
Special Work,WOODHAVEN BLVD. (QUEENS MALL) (QNS),Woodhaven Blvd.,2015-03-23,IND,D,Qns,2015,03,Mar,13,Mon,D2,,110,120,148250,148370,0,No,
Special Work,WOODHAVEN BLVD. (QUEENS MALL) (QNS),Woodhaven Blvd.,2015-03-23,IND,D,Qns,2015,03,Mar,13,Mon,D2,,253,35,148650,146885,0,No,
Scraping,WEST 4 STREET/WASHINGTON SQ. (6AVE),West 4 Street/Washington Sq.,2015-03-24,IND,B,6Ave,2015,03,Mar,13,Tue,B4,,30,165,49335,96500,0,No,
Scraping,125 STREET (LWP),125 Street,2015-03-24,IRT,F,LWP,2015,03,Mar,13,Tue,F3,,50,400,9600,9200,0,No,
Scraping,110 STREET (LEX),110 Street,2015-03-24,IRT,L,Lex,2015,03,Mar,13,Tue,F2,,92,330,4430,4100,300,No,
Scraping,125 STREET (LWP),125 Street,2015-03-24,IRT,F,LWP,2015,03,Mar,13,Tue,F2,,100,850,10050,9200,0,No,
Scraping,110 STREET-CENTRAL PARK NORTH (LWP),110 Street-Central Park North,2015-03-24,IRT,F,LWP,2015,03,Mar,13,Tue,F2,,110,310,7100,7410,400,No,
Scraping,110 STREET-CENTRAL PARK NORTH (LWP),110 Street-Central Park North,2015-03-24,IRT,F,LWP,2015,03,Mar,13,Tue,F3,,120,1100,5500,4500,0,No,
Scraping,135 STREET (LWP),135 Street,2015-03-24,IRT,F,LWP,2015,03,Mar,13,Tue,f3,,168,200,13100,13300,2700,No,
Scraping,116 STREET (LWP),116 Street,2015-03-24,IRT,F,LWP,2015,03,Mar,13,Tue,F2,,185,230,8350,8580,200,No,
Scraping,135 STREET (LWP),135 Street,2015-03-24,IRT,F,LWP,2015,03,Mar,13,Tue,F2,,189,450,14750,15200,350,No,
Scraping,145 STREET (LWP),145 Street,2015-03-24,IRT,F,LWP,2015,03,Mar,13,Tue,F4,,275,200,15740,15540,0,No,
Scraping,149 STREET (3 AVENUE) (LWP),149 Street-3rd Ave,2015-03-24,IRT,F,LWP,2015,03,Mar,13,Tue,F2,,305,600,19300,19900,200,No,
Scraping,110 STREET-CENTRAL PARK NORTH (LWP),110 Street-Central Park North,2015-03-25,IRT,F,LWP,2015,03,Mar,13,Wed,F3,,60,1200,5500,4300,0,No,
Scraping,135 STREET (8AVE),135 Street,2015-03-25,IND,A,8Ave,2015,03,Mar,13,Wed,F3,,92,200,13250,13450,0,No,
Scraping,14 STREET (6AVE),14 Street,2015-03-25,IND,B,6Ave,2015,03,Mar,13,Wed,B1,,125,375,97940,98315,0,No,
Scraping,110 STREET-CENTRAL PARK NORTH (LWP),110 Street-Central Park North,2015-03-25,IRT,F,LWP,2015,03,Mar,13,Wed,F2,,132,400,5200,4800,0,No,
Scraping,125 STREET (LWP),125 Street,2015-03-25,IRT,F,LWP,2015,03,Mar,13,Wed,F3,,160,1800,9600,11400,500,No,
Scraping,149 STREET (3 AVENUE) (LWP),149 Street-3rd Ave,2015-03-25,IRT,F,LWP,2015,03,Mar,13,Wed,F2,,168,500,18900,19400,800,No,
Scraping,116 STREET (LWP),116 Street,2015-03-25,IRT,F,LWP,2015,03,Mar,13,Wed,F2,,200,130,8870,9000,800,No,
Scraping,96 STREET (7BWY),96 Street,2015-03-25,IRT,B,7Bwy,2015,03,Mar,13,Wed,F2,,201,550,1750,2300,2000,No,
Scraping,135 STREET (LWP),135 Street,2015-03-25,IRT,F,LWP,2015,03,Mar,13,Wed,F2,,222,600,15200,15800,1700,No,
Scraping,110 STREET-CENTRAL PARK NORTH (LWP),110 Street-Central Park North,2015-03-25,IRT,F,LWP,2015,03,Mar,13,Wed,F2,,225,350,7400,7750,200,No,
Scraping,135 STREET (8AVE),135 Street,2015-03-25,IND,A,8Ave,2015,03,Mar,13,Wed,F3,,226,675,15200,15875,250,No,
Scraping,145 STREET (LWP),145 Street,2015-03-25,IRT,F,LWP,2015,03,Mar,13,Wed,F1&4,,250,1320,14880,15540,500,No,
Scraping,148 STREET (LWP),148 Street,2015-03-26,IRT,F,LWP,2015,03,Mar,13,Thu,1&4,,10,30,17600,17615,0,No,
Scraping,116 STREET (LWP),116 Street,2015-03-26,IRT,F,LWP,2015,03,Mar,13,Thu,F3,,70,850,8350,9200,0,No,
Scraping,14 STREET (6AVE),14 Street,2015-03-26,IND,B,6Ave,2015,03,Mar,13,Thu,B1,,80,460,97940,97480,0,No,
Scraping,125 STREET (LWP),125 Street,2015-03-26,IRT,F,LWP,2015,03,Mar,13,Thu,f3,,80,500,11400,11900,0,No,
Scraping,125 STREET (LWP),125 Street,2015-03-26,IRT,F,LWP,2015,03,Mar,13,Thu,,,80,400,11900,11500,0,No,
Scraping,135 STREET (LWP),135 Street,2015-03-26,IRT,F,LWP,2015,03,Mar,13,Thu,FB,,107,400,13200,13600,0,No,
Scraping,135 STREET (LWP),135 Street,2015-03-26,IRT,F,LWP,2015,03,Mar,13,Thu,"F1,3",,108,1530,13540,12775,400,No,
Scraping,110 STREET-CENTRAL PARK NORTH (LWP),110 Street-Central Park North,2015-03-26,IRT,F,LWP,2015,03,Mar,13,Thu,F2,,108,250,4800,4550,400,No,
Scraping,149 STREET (3 AVENUE) (LWP),149 Street-3rd Ave,2015-03-26,IRT,F,LWP,2015,03,Mar,13,Thu,F2,,165,900,19000,18100,400,No,
Scraping,96 STREET (7BWY),96 Street,2015-03-26,IRT,B,7Bwy,2015,03,Mar,13,Thu,F2,,186,480,2300,2780,0,No,
Scraping,BERGEN STREET (6AVE),Bergen Street,2015-03-26,IND,B,6Ave,2015,03,Mar,13,Thu,B1,,196,580,76520,77100,0,No,
Scraping,148 STREET (LWP),148 Street,2015-03-26,IRT,F,LWP,2015,03,Mar,13,Thu,TRK 1&4,,225,1040,16950,15910,0,No,
Scraping,110 STREET-CENTRAL PARK NORTH (LWP),110 Street-Central Park North,2015-03-26,IRT,F,LWP,2015,03,Mar,13,Thu,F3,,250,410,7090,7500,0,No,
Scraping,116 STREET (LWP),116 Street,2015-03-26,IRT,F,LWP,2015,03,Mar,13,Thu,F2,,280,250,9000,9250,0,No,
Scraping,110 STREET-CENTRAL PARK NORTH (LWP),110 Street-Central Park North,2015-03-26,IRT,F,LWP,2015,03,Mar,13,Thu,F3,,300,450,4300,3800,1000,No,
Station Cleaning,METROPOLITAN AVE (MIDDLE VILLAGE) (MRT),Metropolitan Ave,2015-03-27,BMT,M,Mrt,2015,03,Mar,13,Fri,M1,1,4,,,,,No,
Station Cleaning,METROPOLITAN AVE (MIDDLE VILLAGE) (MRT),Metropolitan Ave,2015-03-27,BMT,M,Mrt,2015,03,Mar,13,Fri,M1,1,4,,,,,No,
Station Cleaning,104 STREET (JAM),104-102 St,2015-03-27,BMT,J,Jam,2015,03,Mar,13,Fri,"j1,2",2,6,,,,,No,
Scraping,145 STREET (CONC),145 Street,2015-03-27,IND,C,Conc,2015,03,Mar,13,Fri,"F1,4",,10,1200,,,0,No,
Station Cleaning,FRESH POND ROAD (M) (MRT),Fresh Pond Road,2015-03-27,BMT,M,Mrt,2015,03,Mar,13,Fri,"M1,2",2,15,,,,,No,
Station Cleaning,FRESH POND ROAD (M) (MRT),Fresh Pond Road,2015-03-27,BMT,M,Mrt,2015,03,Mar,13,Fri,"M1,2",2,15,,,,,No,
Scraping,149 STREET (3 AVENUE) (LWP),149 Street-3rd Ave,2015-03-27,IRT,F,LWP,2015,03,Mar,13,Fri,F2,,26,650,20350,21000,0,No,
Scraping,14 STREET (6AVE),14 Street,2015-03-27,IND,B,6Ave,2015,03,Mar,13,Fri,B1,,27,620,96860,97480,0,No,
Scraping,125 STREET (LWP),125 Street,2015-03-27,IRT,F,LWP,2015,03,Mar,13,Fri,"F2,3",,40,1100,10700,10150,0,No,
Scraping,110 STREET-CENTRAL PARK NORTH (LWP),110 Street-Central Park North,2015-03-27,IRT,F,LWP,2015,03,Mar,13,Fri,F2&3,,55,1200,7100,6500,0,No,
Scraping,149 STREET GRAND CONC LL (LWP),149 street-Grand Conc LL,2015-03-27,IRT,F,LWP,2015,03,Mar,13,Fri,"F2,3",,60,1500,18450,17700,0,No,
Scraping,110 STREET-CENTRAL PARK NORTH (LWP),110 Street-Central Park North,2015-03-27,IRT,F,LWP,2015,03,Mar,13,Fri,F3,,65,280,7500,7780,0,No,
Scraping,116 STREET (LWP),116 Street,2015-03-27,IRT,F,LWP,2015,03,Mar,13,Fri,"F2,3",,80,1200,7750,8350,0,No,
Scraping,BERGEN STREET (6AVE),Bergen Street,2015-03-27,IND,B,6Ave,2015,03,Mar,13,Fri,B1,,80,620,77100,78200,0,No,
Scraping,110 STREET-CENTRAL PARK NORTH (LWP),110 Street-Central Park North,2015-03-27,IRT,F,LWP,2015,03,Mar,13,Fri,F2,,88,100,4550,4450,400,No,
Scraping,135 STREET (LWP),135 Street,2015-03-27,IRT,F,LWP,2015,03,Mar,13,Fri,"2,3,FB",,91,1650,13250,12700,0,No,
Scraping,96 STREET (7BWY),96 Street,2015-03-27,IRT,B,7Bwy,2015,03,Mar,13,Fri,F2,,203,650,2750,3400,0,No,
Scraping,125 STREET (LWP),125 Street,2015-03-27,IRT,F,LWP,2015,03,Mar,13,Fri,F2,,210,800,11500,10700,0,No,
Scraping,JAY STREET (FUL),Jay Street,2015-03-27,IND,B,Ful,2015,03,Mar,13,Fri,B1,,275,80,17800,17920,0,No,
Special Work,CHAMBERS STREET (JAM),Chambers St at Centre St.,2015-03-28,BMT,J,Jam,2015,03,Mar,13,Sat,J3,,32,660,2200,2860,300,No,
Station Cleaning,CHAMBERS STREET (7BWY),Chambers Street,2015-03-28,IRT,V,7Bwy,2015,03,Mar,13,Sat,"V1,4K2,3",4,56,,,,,No,
Station Cleaning,42 STREET/TIMES SQUARE (7BWY),42 Street/Times Square,2015-03-28,IRT,MM,7Bwy,2015,03,Mar,13,Sat,"V1,2,3,4",4,100,,,,,No,
Scraping,BERGEN STREET (6AVE),Bergen Street,2015-03-28,IND,B,6Ave,2015,03,Mar,13,Sat,F2,,105,585,78310,77725,0,No,
Station Cleaning,179 STREET-JAMAICA (QNS),179 Street-Jamaica,2015-03-28,IND,D,Qns,2015,03,Mar,13,Sat,"D2,4",2,106,,,,,No,
Station Cleaning,LEXINGTON AVENUE (QNS),53 -Lexington,2015-03-28,IND,D,Qns,2015,03,Mar,13,Sat,"G1,2",2,110,,,,,No,
Special Work,BOWERY STREET (JAM),Bowery Street,2015-03-28,BMT,J,Jam,2015,03,Mar,13,Sat,J1,,148,15,4595,4610,0,Yes,
Tube Scraping,STEINWAY TUBE (FLU) (C1),Steinway Tube (C1),2015-03-28,IRT,C,Flu,2015,03,Mar,13,Sat,C2,,260,620,5680,6300,0,No,
Tube Scraping,STEINWAY TUBE (FLU) (C2),Steinway Tube (C2),2015-03-29,IRT,C,Flu,2015,03,Mar,14,Sun,C2,,150,50,5825,5875,0,No,
Scraping,42 STREET/GRAND CENTRAL 7 (FLU),42 Street/Grand Central 7,2015-03-29,IRT,C,Flu,2015,03,Mar,14,Sun,"C1,C2",,160,1400,3100,3800,0,No,
Station Cleaning,MAIN STREET (FLU),Main Street,2015-03-30,IRT,C,Flu,2015,03,Mar,14,Mon,"C1,C2,M",3,18,,,,,No,
Scraping,STEINWAY STREET (QNS),Steinway Street,2015-03-31,IND,D,Qns,2015,03,Mar,14,Tue,"D1,2",,18,1350,131650,130975,100,No,
Special Work,NOSTRAND AVENUE (EPKY),Nostrand Avenue,2015-03-31,IRT,E,Epky,2015,03,Mar,14,Tue,E1 & D1,,20,10,16080,16090,0,No,
Station Cleaning,NOSTRAND AVENUE (EPKY),Nostrand Avenue,2015-03-31,IRT,E,Epky,2015,03,Mar,14,Tue,"E1,4",2,45,,,,,No,
Scraping,QUEENSBRIDGE (21 STREET) (63RD),21 -Queensbridge,2015-03-31,IND,T,63St,2015,03,Mar,14,Tue,T1,,74,850,121450,122300,200,No,
Scraping,23 STREET (ELY AVENUE) (QNS),23 Street (ELY Ave),2015-03-31,IND,D,Qns,2015,03,Mar,14,Tue,D4,,157,300,123250,122950,1600,No,
Scraping,NORTHERN BLVD. (QNS),Northern Blvd.,2015-03-31,IND,D,Qns,2015,03,Mar,14,Tue,D1,,180,500,135850,136350,1100,No,
Scraping,7 AVENUE (QNS),7 Avenue,2015-03-31,IND,D,Qns,2015,03,Mar,14,Tue,D4,,250,300,111700,112000,0,No,
Scraping,LEXINGTON AVENUE (QNS),53 -Lexington,2015-03-31,IND,D,Qns,2015,03,Mar,14,Tue,D3,,250,250,119100,118850,350,No,
Scraping,LEXINGTON AVENUE (QNS),53 -Lexington,2015-03-31,IND,D,Qns,2015,03,Mar,14,Tue,D4,,400,350,118000,118350,500,No,
